task_id,category,experiment,events,output_mib,events_per_second,elapsed_seconds,validation_seconds,peak_rss_mib,klm_nodes,unique_event_uids
0,ccbar,e1004,5000,57.64937686920166,37.12253606365331,134.689073812915,8.713819063035771,588.5,12084,5000
1,charged,e1004,5000,76.61595058441162,31.8352677878424,157.05851866304874,11.069622904993594,579.95703125,10512,5000
2,ddbar,e1004,5000,42.58583450317383,49.33838146569379,101.3409814320039,6.667684946907684,482.5078125,11166,5000
3,mixed,e1004,5000,76.93396472930908,18.90412186263454,264.49258189997636,18.278773397905752,491.4375,10644,5000
4,ssbar,e1004,5000,44.76797962188721,36.61770056772921,136.5459852060303,10.937266926979646,398.734375,12589,5000
5,taupair,e1004,5000,24.95942974090576,53.36820127549641,93.68874873989262,6.6158644440583885,446.6328125,7206,5000
6,uubar,e1004,5000,42.12166500091553,39.618702877488765,126.2030212210957,10.688352892873809,513.984375,10978,5000
7,ccbar,e1004,5000,57.49731731414795,42.96610979465214,116.37078674091026,8.94426907110028,592.58203125,12054,5000
8,charged,e1004,5000,76.23197364807129,21.323084176463865,234.4876547229942,18.09648822597228,798.65234375,10484,5000
9,ddbar,e1004,5000,42.416364669799805,42.50099152598099,117.64431417896412,10.190108349081129,550.37890625,11007,5000
10,mixed,e1004,5000,77.40870761871338,20.806207725753513,240.31289439694956,19.066970366984606,742.32421875,10503,5000
11,ssbar,e1004,5000,44.68098449707031,26.09503414765979,191.6073369249989,12.313866436999888,587.7890625,12588,5000
12,taupair,e1004,5000,24.886993408203125,28.527494269355316,175.269512029,9.796459510999739,491.1484375,7247,5000
13,uubar,e1004,5000,42.33152484893799,35.48911773232448,140.8882586969994,11.47425644705072,505.4921875,11044,5000
14,ccbar,e1004,5000,57.625277519226074,30.77775010346693,162.45501972013153,13.387217212002724,695.2109375,11998,5000
15,charged,e1004,5000,76.56650161743164,22.036339738194034,226.8979358370416,26.051413303008303,594.4609375,10618,5000
16,ddbar,e1004,5000,42.23167324066162,34.703343969177546,144.07833448098972,12.528476276958827,501.80859375,11320,5000
17,mixed,e1004,5000,76.71905326843262,21.551720994172754,232.00003384193406,22.73836627905257,654.33203125,10687,5000
18,ssbar,e1004,5000,44.54945373535156,36.60276680587298,136.60169534500164,13.069798696000362,576.4140625,12656,5000
19,taupair,e1004,5000,25.00865077972412,72.80909092827949,68.6727431458421,4.98200657684356,440.34765625,7170,5000
20,uubar,e1004,5000,42.50525760650635,42.29711796391202,118.21136381599354,8.025186121987645,546.9296875,11022,5000
21,ccbar,e1004,5000,57.32955455780029,28.376204324176936,176.20397509401664,13.917375660967082,726.20703125,11867,5000
22,charged,e1004,5000,76.40222358703613,23.368172235134193,213.96624218998477,22.672659253003076,683.6015625,10561,5000
23,ddbar,e1004,5000,42.332332611083984,38.66875128913311,129.30337374005467,10.152245983947068,367.25390625,11015,5000
24,mixed,e1004,5000,76.97033596038818,32.91735231790728,151.89557020599023,11.337508135009557,574.52734375,10501,5000
25,ssbar,e1004,5000,44.62657070159912,32.69541278829792,152.92665158794262,12.00797897693701,512.16796875,12537,5000
26,taupair,e1004,5000,25.004164695739746,51.60178048824486,96.8958813570207,6.5526336950133555,454.38671875,7229,5000
27,uubar,e1004,5000,42.21041297912598,51.551899572417035,96.98963649198413,7.461213652044535,511.5234375,11208,5000
28,ccbar,e1004,5000,57.5401554107666,34.520817068456864,144.84014066308737,12.609145283931866,703.953125,12154,5000
29,charged,e1004,5000,76.65605545043945,21.307796971495527,234.65588707686402,19.555600092047825,665.6640625,10562,5000
30,ddbar,e1004,5000,42.38222408294678,35.77375997762712,139.76724848400045,13.664951040002052,553.5078125,11046,5000
31,mixed,e1004,5000,77.11568450927734,22.70488383379392,220.2169381971471,23.76214894792065,800.59375,10571,5000
32,ssbar,e1004,5000,44.28936576843262,35.84728001318039,139.48059652396478,11.297154932050034,553.42578125,12608,5000
33,taupair,e1004,5000,24.94242763519287,77.55600869539664,64.46953735896386,4.749660433968529,412.52734375,7172,5000
34,uubar,e1004,5000,42.216519355773926,53.14982540526657,94.07368626096286,6.894817172084004,490.55859375,10980,5000
35,ccbar,e1004,5000,57.5184965133667,31.229448155041926,160.1052946941927,13.709329344099388,699.45703125,12182,5000
36,charged,e1004,5000,76.49806499481201,32.24945743573133,155.04136805911548,11.859069135971367,559.875,10429,5000
37,ddbar,e1004,5000,42.357014656066895,52.48266517786909,95.26955201406963,7.665538253029808,506.17578125,10974,5000
38,mixed,e1004,5000,77.19898986816406,33.36943024217538,149.83773962315172,11.698956270935014,669.88671875,10607,5000
39,ssbar,e1004,5000,44.37925052642822,55.04617607764945,90.83283083909191,6.895161497173831,484.2734375,12450,5000
40,taupair,e1004,5000,25.102206230163574,75.57285614109558,66.1613210788928,4.353968850104138,394.65234375,7445,5000
41,uubar,e1004,5000,42.44992637634277,53.16773170408626,94.04200329305604,6.666630839928985,463.49609375,10864,5000
42,ccbar,e1004,5000,57.57483768463135,42.42784127949022,117.84714586497284,9.240031362045556,601.8359375,12031,5000
43,charged,e1004,5000,76.8590145111084,31.392621018101142,159.2730978759937,11.910062385024503,606.62890625,10648,5000
44,ddbar,e1004,5000,42.063323974609375,50.995397705698515,98.0480636479333,6.708491879049689,499.6796875,10945,5000
45,mixed,e1004,5000,76.99662208557129,33.04519847614191,151.3079125129152,11.39911076403223,619.296875,10550,5000
46,ssbar,e1004,5000,44.807888984680176,50.855784773114024,98.31723219505511,7.404960979009047,513.984375,12461,5000
47,taupair,e1004,5000,25.080655097961426,80.55703687861757,62.06782416207716,4.457453846000135,417.859375,7328,5000
48,uubar,e1004,5000,42.39752006530762,53.87058705161175,92.81502715405077,7.927490818081424,522.52734375,11101,5000
49,ccbar,e1004,5000,57.548439025878906,27.991623281881402,178.62486750585958,15.631644689943641,588.484375,12042,5000
50,charged,e1004,5000,76.56959629058838,27.172631593828854,184.00867736106738,18.413368438137695,619.03515625,10504,5000
51,ddbar,e1004,5000,42.04739952087402,55.30986894009469,90.39978028903715,7.023264361079782,507.171875,11119,5000
52,mixed,e1004,5000,77.42511367797852,31.740496661495367,157.5274657269474,11.533080527093261,620.58203125,10645,5000
53,ssbar,e1004,5000,44.55578136444092,51.673693619967864,96.7610335110221,7.34537598490715,529.7421875,12647,5000
54,taupair,e1004,5000,24.934959411621094,80.41726901218225,62.17570008803159,4.269242467125878,436.296875,7340,5000
55,uubar,e1004,5000,42.789000511169434,53.25792572321985,93.88274011993781,7.400524303084239,513.2421875,11275,5000
56,ccbar,e1004,5000,57.4847526550293,43.425055222011665,115.1409013629891,9.407080668024719,605.51953125,11877,5000
57,charged,e1004,5000,76.74710369110107,25.420657270171244,196.6904296320863,25.4288309821859,648.671875,10497,5000
58,ddbar,e1004,5000,42.33988571166992,53.02149710606335,94.30137345986441,6.746872324030846,509.52734375,10947,5000
59,mixed,e1004,5000,76.88675689697266,32.51892815727602,153.7566052551847,11.383910187985748,650.24609375,10519,5000
60,ssbar,e1004,5000,44.386573791503906,66.93232730734216,74.70231801504269,5.441006781999022,521.328125,12485,5000
61,taupair,e1004,5000,24.967698097229004,79.75228081897896,62.694131737109274,4.669249903876334,450.046875,7267,5000
62,uubar,e1004,5000,42.95517921447754,34.43978891928202,145.1809130340116,11.400872740021441,587.046875,11127,5000
63,ccbar,e1004,5000,57.32794666290283,42.95608403526523,116.39794716611505,9.312143692048267,578.94140625,11873,5000
64,charged,e1004,5000,76.46309280395508,40.00830283378323,124.97405902901664,11.139782231068239,666.28515625,10545,5000
65,ddbar,e1004,5000,42.552857398986816,52.86329516660178,94.58358553401195,7.252009712858126,505.76171875,11077,5000
66,mixed,e1004,5000,77.42172718048096,27.856963170807273,179.48833723698044,13.945068372006062,717.48046875,10639,5000
67,ssbar,e1004,5000,44.64718055725098,50.811178643738494,98.40354294981807,7.1257010160479695,521.6953125,12472,5000
68,taupair,e1004,5000,24.89881134033203,53.71521725924175,93.08349207392894,5.60225284518674,479.296875,7174,5000
69,uubar,e1004,5000,42.594786643981934,38.55494807889913,129.68504041992128,10.600136477965862,442.33203125,11030,5000
70,ccbar,e1004,5000,57.72497272491455,32.2408296359088,155.082857868867,12.527936572907493,605.0703125,11994,5000
71,charged,e1004,5000,76.70733833312988,22.876858021258176,218.56148232216947,18.24333667708561,757.28125,10623,5000
72,ddbar,e1004,5000,42.099815368652344,35.03499762726657,142.7144380940008,16.0259902740072,552.46484375,11051,5000
73,mixed,e1004,5000,76.8360652923584,25.721504895012124,194.38987028202973,19.821915555978194,670.52734375,10723,5000
74,ssbar,e1004,5000,44.70255184173584,36.01611695201164,138.82673711499956,10.529316603991902,573.2265625,12565,5000
75,taupair,e1004,5000,24.927773475646973,51.57944423047472,96.93784170411527,7.540604904061183,472.671875,7143,5000
76,uubar,e1004,5000,42.920209884643555,53.65639742164532,93.18553313799202,7.05766077991575,532.5390625,11129,5000
77,ccbar,e1004,5000,57.75485134124756,28.215898379832435,177.20506122795632,18.813634248974267,738.99609375,12105,5000
78,charged,e1004,5000,76.40047359466553,33.68467687496907,148.43544495198876,10.078147171996534,749.9765625,10421,5000
79,ddbar,e1004,5000,42.56586456298828,55.0413773451443,90.84075001697056,7.1398477531038225,530.75390625,11288,5000
80,mixed,e1004,5000,76.91454315185547,33.6492229809203,148.59184126881883,10.173810884123668,702.6640625,10397,5000
81,ssbar,e1004,5000,44.842129707336426,52.51080155730075,95.21850460697897,7.3045372809283435,517.76171875,12667,5000
82,taupair,e1004,5000,24.810763359069824,49.7372380652803,100.52830021316186,7.655425032833591,452.046875,7274,5000
83,uubar,e1004,5000,42.67310810089111,67.28839715359445,74.30701594194397,5.625192902982235,517.8125,10952,5000
84,ccbar,e1004,5000,57.82413578033447,43.347619102329155,115.34658889099956,9.477653992827982,588.34765625,12143,5000
85,charged,e1004,5000,76.50356960296631,23.129560317614896,216.17358615295961,18.161389268003404,753.1953125,10588,5000
86,ddbar,e1004,5000,42.62493419647217,35.983270078277314,138.9534633490257,10.774290577042848,579.49609375,11075,5000
87,mixed,e1004,5000,76.85451221466064,23.68668154257684,211.08908780710772,18.111952148843557,632.95703125,10607,5000
88,ssbar,e1004,5000,44.51868152618408,19.74446702195297,253.23550108699965,15.875553735000722,510.02734375,12529,5000
89,taupair,e1004,5000,24.938135147094727,41.437007863161554,120.66508316699947,8.18646977500066,473.125,7277,5000
90,uubar,e1004,5000,42.41255855560303,36.40793840154238,137.33268675790168,12.956694897962734,538.29296875,10853,5000
91,ccbar,e1004,5000,57.31208801269531,29.74743334258469,168.08172800717875,15.374253310030326,673.75390625,12016,5000
92,charged,e1004,5000,76.69939994812012,23.38830302801487,213.78207704983652,17.902622582158074,638.63671875,10652,5000
93,ddbar,e1004,5000,42.33484077453613,35.34486244430041,141.4632751189638,11.354607674991712,531.1875,11109,5000
94,mixed,e1004,5000,76.80794525146484,21.804708940956154,229.30826609698124,18.194844397949055,680.4921875,10698,5000
95,ssbar,e1004,5000,44.63382530212402,33.965378369689944,147.20872370619327,12.03493246412836,579.15234375,12275,5000
96,taupair,e1004,5000,24.961812019348145,49.662582405179535,100.67942015593871,7.686963976128027,472.59765625,7284,5000
97,uubar,e1004,5000,42.3371696472168,67.03560662076424,74.58722687908448,5.225150004960597,519.046875,11021,5000
98,ccbar,e1004,5000,57.24727153778076,27.85958332626852,179.47145660594106,15.95657168701291,585.82421875,12108,5000
99,charged,e1004,5000,76.77000904083252,27.30668216643241,183.1053648160305,15.399181593907997,627.58203125,10597,5000
100,ddbar,e1004,5000,42.36379814147949,31.87745727814259,156.85065331193618,11.523009850177914,444.57421875,11080,5000
101,mixed,e1004,5000,76.64974403381348,25.15033288500182,198.80452568409964,14.39001791109331,598.51171875,10604,5000
102,ssbar,e1004,5000,44.2551212310791,38.94262494997086,128.39401571988128,11.27471692301333,575.9375,12445,5000
103,taupair,e1004,5000,25.008808135986328,61.29697744637673,81.57009053789079,7.010118331061676,492.53125,7374,5000
104,uubar,e1004,5000,42.714173316955566,33.56705476066062,148.95557670015842,13.084695426980034,504.3515625,11021,5000
105,ccbar,e1004,5000,57.29445743560791,49.43204472962233,101.14896171801956,7.8439689820224885,633.4921875,12036,5000
106,charged,e1004,5000,76.63997077941895,21.604990076243954,231.4280165070668,19.3690202110447,623.83203125,10425,5000
107,ddbar,e1004,5000,42.177255630493164,35.01764675061992,142.78515160107054,14.112554467050359,547.3203125,11050,5000
108,mixed,e1004,5000,77.42760276794434,40.656846812358005,122.9805160020478,9.496259416919202,613.4765625,10623,5000
109,ssbar,e1004,5000,44.72931480407715,52.05684655661205,96.04884526692331,7.251524372026324,513.171875,12616,5000
110,taupair,e1004,5000,24.975974082946777,61.4410984921983,81.37875335407443,7.928882847074419,448.98828125,7307,5000
111,uubar,e1004,5000,42.28122329711914,28.575872129342194,174.9727874399996,12.226818723000179,544.125,11184,5000
112,ccbar,e1004,5000,57.4948205947876,29.035736106850013,172.20159260299988,15.539845894090831,762.49609375,12107,5000
113,charged,e1004,5000,76.42523193359375,22.537146886785862,221.85594410495833,23.691547272959724,609.6484375,10512,5000
114,ddbar,e1004,5000,42.606587409973145,35.13327649881301,142.31522073294036,11.639158820034936,551.3828125,11001,5000
115,mixed,e1004,5000,76.9003677368164,21.550371461337143,232.0145622069831,20.827169627998956,796.21875,10676,5000
116,ssbar,e1004,5000,44.52571678161621,68.17930842464065,73.33603281597607,5.355769559973851,531.62890625,12626,5000
117,taupair,e1004,5000,24.83557891845703,91.62750782110164,54.568765634903684,3.593003574060276,439.0390625,7041,5000
118,uubar,e1004,5000,42.43799018859863,62.35914157461259,80.18070604800596,6.174534638004843,524.76953125,11314,5000
119,ccbar,e1004,5000,57.603240966796875,43.45065831184822,115.07305514486507,9.086860130075365,616.6328125,12117,5000
120,charged,e1004,5000,76.47888946533203,25.033283274386473,199.7340878220275,16.414768202928826,752.15625,10670,5000
121,ddbar,e1004,5000,41.95835494995117,39.519879444690865,126.51860456704162,12.608769431011751,574.6640625,10970,5000
122,mixed,e1004,5000,77.04957580566406,21.686115803122128,230.56226598587818,17.008065209025517,807.86328125,10751,5000
123,ssbar,e1004,5000,44.301520347595215,37.09862750377302,134.77587545500137,12.492711114988197,614.609375,12530,5000
124,taupair,e1004,5000,24.95046043395996,106.07851865233296,47.134896523086354,3.178879251005128,474.90625,7168,5000
125,uubar,e1004,5000,42.23564147949219,41.571423615866415,120.27492842683569,9.982742054853588,439.51953125,11032,5000
126,ccbar,e1004,5000,57.629817962646484,51.92098894523507,96.3001688059885,7.305873407050967,617.16015625,12002,5000
127,charged,e1004,5000,76.36412525177002,38.57288034823039,129.62475072799134,9.811440864985343,745.20703125,10505,5000
128,ddbar,e1004,5000,42.2929162979126,54.93297205698279,91.02001608093269,7.134730538818985,514.1328125,11096,5000
129,mixed,e1004,5000,76.9775743484497,43.59986495677764,114.67925428110175,9.080185938160866,645.109375,10627,5000
130,ssbar,e1004,5000,44.408185958862305,71.3557531904581,70.07143469783477,5.301683011930436,536.07421875,12356,5000
131,taupair,e1004,5000,24.982840538024902,66.08019623507606,75.66563486302039,5.187162282993086,482.75,7312,5000
132,uubar,e1004,5000,42.58181285858154,36.92462182044166,135.41100093899877,9.643203346990049,595.96875,11127,5000
133,ccbar,e1004,5000,57.49955368041992,60.53794390888495,82.59282818599604,6.626514148199931,661.86328125,12012,5000
134,charged,e1004,5000,76.80024147033691,32.88901097761587,152.02646268089302,11.910132589982823,625.23046875,10528,5000
135,ddbar,e1004,5000,42.320176124572754,72.43577330406313,69.02666696207598,5.386935207992792,513.859375,11172,5000
136,mixed,e1004,5000,77.24046897888184,45.05621865112905,110.9724728281144,8.812231494113803,626.81640625,10567,5000
137,ssbar,e1004,5000,44.52493858337402,71.58986866647088,69.8422848531045,5.31120477989316,542.01171875,12604,5000
138,taupair,e1004,5000,25.083297729492188,103.8023534412421,48.168464723974466,3.4188433620147407,467.88671875,7128,5000
139,uubar,e1004,5000,42.233771324157715,55.34414799602868,90.34378847712651,7.375978138996288,487.03125,11072,5000
140,ccbar,e1004,5000,57.427889823913574,24.83474579702394,201.33083063806407,14.667365879984573,553.15625,11997,5000
141,charged,e1004,5000,76.50509071350098,38.872522880079245,128.62555938097648,9.510975971119478,627.015625,10394,5000
142,ddbar,e1004,5000,42.27135467529297,30.382650402164032,164.56760466308333,12.434657362988219,463.078125,11201,5000
143,mixed,e1004,5000,77.02034091949463,31.327344264101004,159.60497506102547,12.94943603198044,664.1640625,10541,5000
144,ssbar,e1004,5000,44.70321273803711,61.16210464507443,81.74996640509926,6.299917232012376,549.55078125,12634,5000
145,taupair,e1004,5000,24.941534996032715,51.377155989789586,97.31951688788831,7.819493375020102,465.66796875,7166,5000
146,uubar,e1004,5000,42.79562473297119,62.40687498903394,80.1193778871093,5.5112481999676675,546.6640625,11307,5000
147,ccbar,e1004,5000,57.26335048675537,60.170372357963984,83.09737507114187,6.801502717891708,615.375,12025,5000
148,charged,e1004,5000,76.75626182556152,45.148478035818094,110.74570434098132,8.459644808899611,667.60546875,10593,5000
149,ddbar,e1004,5000,42.20000171661377,65.54581500472491,76.28252085414715,5.608922176994383,551.7421875,11016,5000
150,mixed,e1004,5000,76.95774841308594,27.548125476048607,181.50055270901066,13.563094771991018,688.62109375,10639,5000
151,ssbar,e1004,5000,44.4539852142334,72.23548773113245,69.21805551601574,5.451444390928373,556.74609375,12591,5000
152,taupair,e1004,5000,24.829766273498535,63.43382088405892,78.82230536197312,6.162983932066709,490.46875,7078,5000
153,uubar,e1004,5000,42.652302742004395,64.98628117351277,76.93931564802187,5.798177704011323,549.984375,11011,5000
154,ccbar,e1004,5000,57.554444313049316,33.81459590265735,147.8651412660256,12.550584814045578,662.59765625,11780,5000
155,charged,e1004,5000,76.72867202758789,32.45992515233156,154.03609147388488,11.512067919131368,660.75390625,10747,5000
156,ddbar,e1004,5000,42.283806800842285,54.03425371233435,92.53389575099573,7.019114956026897,542.21875,11273,5000
157,mixed,e1004,5000,76.96318817138672,41.40021584934033,120.77231718297116,8.890475092921406,606.765625,10729,5000
158,ssbar,e1004,5000,44.64197635650635,63.7721088039654,78.40418160500121,5.532727537007304,536.90625,12715,5000
159,taupair,e1004,5000,24.96802043914795,108.49562637269318,46.08480698405765,3.287834184942767,441.6796875,7426,5000
160,uubar,e1004,5000,42.37318515777588,69.30765381580636,72.14210443897173,5.750828210962936,529.38671875,11098,5000
161,ccbar,e1004,5000,57.37164306640625,42.54579311632465,117.52043230994605,9.377552348887548,690.68359375,12102,5000
162,charged,e1004,5000,76.3806505203247,44.0113699147563,113.60700677311979,8.544219104805961,645.35546875,10354,5000
163,ddbar,e1004,5000,42.3676643371582,48.918100552925694,102.21165465307422,7.463353840867057,509.02734375,11081,5000
164,mixed,e1004,5000,77.13027572631836,19.92887461979048,250.89224029914476,19.88334807404317,576.96875,10500,5000
165,ssbar,e1004,5000,44.72075176239014,32.90424119078685,151.9560949911829,11.976415272802114,584.60546875,12629,5000
166,taupair,e1004,5000,25.10520076751709,61.160959734631476,81.7514967340976,6.055644928012043,493.28125,7223,5000
167,uubar,e1004,5000,42.451969146728516,61.97307212762762,80.68020235793665,6.182011601049453,521.24609375,11092,5000
168,ccbar,e1004,5000,57.58954620361328,28.72551722616414,174.06126965908334,17.37922425987199,702.7265625,12014,5000
169,charged,e1004,5000,76.4675989151001,21.24288880926272,235.3728838339448,19.348407191922888,739.359375,10608,5000
170,ddbar,e1004,5000,42.220404624938965,73.02605751376036,68.46871062507853,5.409065163927153,536.87890625,11109,5000
171,mixed,e1004,5000,77.10447978973389,25.49124649679069,196.14576323796064,17.600623263977468,663.015625,10473,5000
172,ssbar,e1004,5000,44.273438453674316,63.50197240836572,78.7377117650176,5.5457463469938375,542.6640625,12397,5000
173,taupair,e1004,5000,24.816375732421875,51.98289304550085,96.18548924592324,8.356155661866069,497.734375,7218,5000
174,uubar,e1004,5000,42.63111400604248,38.60193584699551,129.52718277700478,9.982817954965867,593.6875,11169,5000
175,ccbar,e1004,5000,57.32084941864014,27.333974266937485,182.92253995599458,15.825042568991194,704.859375,12018,5000
176,charged,e1004,5000,76.64268112182617,36.67664572926629,136.32653424493037,10.1774658029899,629.24609375,10410,5000
177,ddbar,e1004,5000,42.41203594207764,34.2959709332108,145.78972001513466,13.82582720904611,526.4921875,10997,5000
178,mixed,e1004,5000,76.73660945892334,21.88582315158674,228.4583936079871,18.900918652070686,643.03125,10549,5000
179,ssbar,e1004,5000,44.26884841918945,52.92252511889923,94.47772926115431,7.231547532137483,523.703125,12485,5000
180,taupair,e1004,5000,24.84729290008545,73.70956336605167,67.83380299201235,4.407001249026507,459.5390625,7279,5000
181,uubar,e1004,5000,42.31997299194336,34.42697394157011,145.23495467496105,13.431941113900393,537.36328125,10907,5000
182,ccbar,e1004,5000,57.48955726623535,26.634155489044335,187.72887325286865,16.616514072054997,677.78515625,12104,5000
183,charged,e1004,5000,76.5423812866211,23.15397081835297,215.94568116310984,17.71935856505297,705.0234375,10605,5000
184,ddbar,e1004,5000,42.43945503234863,27.06151494282279,184.7642310700012,12.437732741998843,532.0390625,11115,5000
185,mixed,e1004,5000,76.9087324142456,36.06390121469867,138.64279325283132,9.653682499891147,611.78125,10528,5000
186,ssbar,e1004,5000,44.4950065612793,35.919778900063605,139.19907508092,10.882267614128068,542.33984375,12564,5000
187,taupair,e1004,5000,25.097047805786133,77.98997886694016,64.1108008059673,3.8876762508880347,428.453125,7298,5000
188,uubar,e1004,5000,42.56564712524414,38.32997851017689,130.44619888509624,11.146880869055167,431.2421875,11079,5000
189,ccbar,e1004,5000,57.51698303222656,33.498303240658956,149.26129135792144,12.898722729180008,595.6328125,12139,5000
190,charged,e1004,5000,76.49366188049316,33.228775956211685,150.47198869404383,11.083591886097565,651.33203125,10650,5000
191,ddbar,e1004,5000,42.470749855041504,54.70883637907344,91.39291439787485,6.936642851913348,529.60546875,11279,5000
192,mixed,e1004,5000,77.52151870727539,22.527852776785956,221.94747318094596,18.30269387899898,625.34765625,10739,5000
193,ssbar,e1004,5000,44.77515125274658,30.769084893285495,162.50077041098848,12.198532575042918,478.3203125,12646,5000
194,taupair,e1004,5000,24.940030097961426,46.86307841534299,106.69380179606378,8.03380321804434,464.77734375,7144,5000
195,uubar,e1004,5000,42.25019359588623,35.44207306148327,141.07526925206184,12.103460510959849,541.04296875,10832,5000
196,ccbar,e1004,5000,57.42245006561279,53.80707544364355,92.9245821069926,7.062617384130135,632.2578125,12188,5000
197,charged,e1004,5000,76.56118202209473,24.51578029039835,203.95026961300755,16.279861255025025,737.75,10413,5000
198,ddbar,e1004,5000,42.404831886291504,32.0757845066343,155.88083274988458,11.27306162007153,469.671875,11070,5000
199,mixed,e1004,5000,77.13727855682373,21.884612352890553,228.4710334080737,17.632731694029644,652.7421875,10588,5000
200,ssbar,e1004,5000,44.43472766876221,36.11808976055662,138.43478525988758,12.757487489143386,535.65234375,12465,5000
201,taupair,e1004,5000,24.923728942871094,107.56769816105569,46.48235562792979,3.403191296150908,467.65625,7414,5000
202,uubar,e1004,5000,42.39234447479248,73.34415213439439,68.17176086292602,5.289669299032539,525.3671875,11085,5000
203,ccbar,e1004,5000,57.36297416687012,32.46141798635839,154.02900767000392,12.54120208392851,556.88671875,11886,5000
204,charged,e1004,5000,76.55027675628662,27.414354607915097,182.38620137190446,15.536031833151355,682.16796875,10546,5000
205,ddbar,e1004,5000,42.07424831390381,37.22954659686118,134.30193104800128,11.411872122000204,540.19140625,10917,5000
206,mixed,e1004,5000,76.96763610839844,43.186366552715675,115.77727878303267,8.545977806206793,648.953125,10697,5000
207,ssbar,e1004,5000,44.57518672943115,42.4651722293933,117.74354694690555,10.55811476497911,525.9140625,12704,5000
208,taupair,e1004,5000,24.869833946228027,54.79629645177058,91.24704266100889,8.047980575007387,463.98046875,7287,5000
209,uubar,e1004,5000,42.27701377868652,34.997025852606086,142.86928326589987,12.536340487888083,538.359375,10803,5000
210,ccbar,e1004,5000,57.3163537979126,58.5455990541833,85.40351590514183,6.8741601929068565,654.98828125,11958,5000
211,charged,e1004,5000,76.75032711029053,42.629086866227105,117.29080699500628,9.133665218017995,608.11328125,10712,5000
212,ddbar,e1004,5000,42.4942045211792,54.856549035626585,91.14681998593733,7.004539716057479,504.34765625,11272,5000
213,mixed,e1004,5000,76.87007141113281,16.923893466724433,295.4402903699993,19.24922066200088,615.57421875,10622,5000
214,ssbar,e1004,5000,43.98319911956787,34.18444540399019,146.26535375695676,12.196392237208784,540.671875,12388,5000
215,taupair,e1004,5000,24.84103488922119,52.35511461064838,95.50165322306566,7.3745897761546075,450.57421875,7385,5000
216,uubar,e1004,5000,42.686723709106445,40.306973039781965,124.04801509319805,10.12935517122969,575.4453125,11090,5000
217,ccbar,e1004,5000,57.40453338623047,28.827491927308284,173.44554332399275,15.911278619023506,742.515625,11970,5000
218,charged,e1004,5000,76.63622379302979,21.77118601746957,229.66135129192844,18.915816170163453,764.359375,10506,5000
219,ddbar,e1004,5000,42.252041816711426,63.90046054671116,78.24669739813544,6.196924943011254,522.18359375,11142,5000
220,mixed,e1004,5000,76.90363883972168,27.96327032223661,178.80598164600087,13.457571874983842,637.33984375,10607,5000
221,ssbar,e1004,5000,44.336487770080566,69.24201845687729,72.21048882498872,5.711478852987057,549.51953125,12294,5000
222,taupair,e1004,5000,25.029526710510254,106.99067933740709,46.733042831066996,3.3348379749804735,450.65234375,7104,5000
223,uubar,e1004,5000,42.28821277618408,73.70675176598391,67.83639056398533,5.420767052099109,497.7421875,11016,5000
224,ccbar,e1004,5000,57.32519054412842,56.083702741229416,89.15245883585885,6.855914735933766,588.28515625,12213,5000
225,charged,e1004,5000,76.87566375732422,44.4617224286255,112.4562820980791,8.77404405688867,628.640625,10631,5000
226,ddbar,e1004,5000,42.59259510040283,69.551234990067,71.88944956497289,5.479663084028289,557.70703125,11172,5000
227,mixed,e1004,5000,76.94420623779297,24.57661103223232,203.4454625758808,15.246124238008633,572.93359375,10583,5000
228,ssbar,e1004,5000,44.41949653625488,54.15334109210595,92.33040656708181,7.332480610115454,507.44140625,12599,5000
229,taupair,e1004,5000,24.97523307800293,52.08962933521001,95.988396611996,7.2310588620603085,492.12890625,7297,5000
230,uubar,e1004,5000,42.32764148712158,70.29151201976312,71.13234381121583,5.189999635098502,509.59765625,11025,5000
231,ccbar,e1004,5000,57.55025672912598,51.14616808459789,97.75903429812752,7.6577937349211425,646.65234375,12078,5000
232,charged,e1004,5000,76.2316780090332,43.56277360115807,114.77689748999546,9.028591869981028,655.22265625,10449,5000
233,ddbar,e1004,5000,42.74977111816406,72.7736968222368,68.70614271820523,5.3618483929894865,543.24609375,11104,5000
234,mixed,e1004,5000,77.25914001464844,41.98686599232773,119.08485860587098,9.129831360885873,698.28125,10553,5000
235,ssbar,e1004,5000,44.80141258239746,42.22450197655364,118.4146589289885,9.888546417932957,565.08203125,12646,5000
236,taupair,e1004,5000,24.850720405578613,81.47125708146658,61.371337317163125,4.547061124118045,446.6640625,7194,5000
237,uubar,e1004,5000,42.18415641784668,31.976908471610322,156.36283302493393,11.388636874035,459.55859375,10974,5000
238,ccbar,e1004,5000,57.72617053985596,58.52481906034128,85.43383952789009,7.225391485961154,645.109375,12152,5000
239,charged,e1004,5000,76.22372722625732,44.45493921078409,112.47344139404595,9.056085571181029,604.453125,10551,5000
240,ddbar,e1004,5000,42.32273864746094,71.15534860661093,70.26878650602885,5.426465602824464,532.42578125,11201,5000
241,mixed,e1004,5000,77.11920166015625,19.60311486456255,255.06150601804256,18.387146071065217,557.7890625,10716,5000
242,ssbar,e1004,5000,44.36677932739258,34.96146951686467,143.0145834570285,11.92735310900025,536.39453125,12404,5000
243,taupair,e1004,5000,24.9633846282959,106.57612067422403,46.91482452512719,3.360239283880219,451.9453125,7298,5000
244,uubar,e1004,5000,42.571712493896484,67.45795948760103,74.12023781891912,5.641655496088788,539.3125,11117,5000
245,ccbar,e1004,5000,57.238715171813965,43.514183112317525,114.90506410505623,9.77733825496398,584.11328125,11993,5000
246,charged,e1004,5000,76.7948350906372,44.866435677675874,111.4418813190423,8.81199144385755,643.2578125,10535,5000
247,ddbar,e1004,5000,42.02678203582764,31.834338542153642,157.0631032078527,10.733012796845287,446.859375,10945,5000
248,mixed,e1004,5000,76.89589023590088,44.135259755955246,113.28810632694513,8.667731961002573,678.2265625,10464,5000
249,ssbar,e1004,5000,44.80592441558838,68.54515225425341,72.94461877411231,5.686948732007295,533.6796875,12620,5000
250,taupair,e1004,5000,25.087536811828613,106.57065358318306,46.91723126289435,3.2779924678616226,444.0,7345,5000
251,uubar,e1004,5000,42.67057228088379,69.73725349929057,71.69769024601555,5.647056871006498,542.4921875,11136,5000
252,ccbar,e1004,5000,57.51588153839111,53.39638078557749,93.63930525700562,7.598539293045178,602.28125,12103,5000
253,charged,e1004,5000,76.76381969451904,44.388924585807146,112.64071041718125,8.580221654847264,633.91796875,10624,5000
254,ddbar,e1004,5000,42.349167823791504,63.06426330355737,79.28420531819575,5.95091963885352,558.36328125,11082,5000
255,mixed,e1004,5000,77.01031684875488,44.34103837568393,112.76235702098347,8.848550613038242,689.37890625,10744,5000
256,ssbar,e1004,5000,44.642083168029785,53.62524892991113,93.23966041696258,7.221156361978501,505.5703125,12470,5000
257,taupair,e1004,5000,25.203615188598633,100.85234913050667,49.577427230076864,3.4896685080602765,460.13671875,7377,5000
258,uubar,e1004,5000,42.735355377197266,37.16905661568827,134.52049783500843,14.703324533998966,527.2265625,11039,5000
259,ccbar,e1004,5000,57.85542678833008,27.784091470220183,179.95909657003358,15.701412309892476,601.86328125,11860,5000
260,charged,e1004,5000,76.46500015258789,21.1710820196186,236.17120728013106,19.86386852990836,595.63671875,10583,5000
261,ddbar,e1004,5000,42.41187381744385,54.021378179927616,92.55595041182823,7.391701211920008,524.375,11257,5000
262,mixed,e1004,5000,77.31838512420654,37.6671639130683,132.74161047907546,9.645545449107885,654.828125,10602,5000
263,ssbar,e1004,5000,44.25571155548096,70.91889325098433,70.50307429791428,5.321452627889812,542.890625,12371,5000
264,taupair,e1004,5000,24.925857543945312,106.42417017352236,46.98180866101757,3.2886298450175673,444.0,7338,5000
265,uubar,e1004,5000,42.330942153930664,70.14242425162712,71.2835356540163,5.200333041022532,586.2734375,10961,5000
266,ccbar,e1004,5000,57.4790735244751,25.914635760085986,192.94116445584223,15.198659508954734,523.98046875,11985,5000
267,charged,e1004,5000,76.23184013366699,41.77835724335804,119.67919109109789,9.224635261110961,676.87890625,10729,5000
268,ddbar,e1004,5000,42.31437015533447,54.64270903712303,91.50351598788984,6.8203981190454215,523.0703125,11191,5000
269,mixed,e1004,5000,77.04019069671631,33.749029340066556,148.15240905503742,9.9297388009727,600.19140625,10463,5000
270,ssbar,e1004,5000,44.479310035705566,65.69846090606073,76.10528361005709,5.795930051011965,532.67578125,12682,5000
271,taupair,e1004,5000,24.909461975097656,99.6684022291799,50.16635049995966,3.6189204901456833,492.7109375,7234,5000
272,uubar,e1004,5000,42.31989574432373,73.11010476153034,68.3899991158396,5.220383252948523,539.10546875,10986,5000
273,ccbar,e1004,5000,57.53960990905762,35.26353835789592,141.78951497306116,12.780836103018373,665.80859375,12090,5000
274,charged,e1004,5000,76.47005939483643,25.958358832955994,192.61618317919783,17.64758661482483,707.29296875,10573,5000
275,ddbar,e1004,5000,42.26318550109863,40.570117693229584,123.24341866117902,9.807961403857917,542.67578125,11149,5000
276,mixed,e1004,5000,77.12551879882812,43.25000096148656,115.60693384613842,9.117545559071004,693.73828125,10682,5000
277,ssbar,e1004,5000,44.48662185668945,64.99369322943922,76.93054128112271,5.8696634620428085,564.5390625,12429,5000
278,taupair,e1004,5000,25.26891326904297,52.2883858490596,95.62352937100513,6.715746879999642,465.3359375,7232,5000
279,uubar,e1004,5000,42.41971683502197,35.33241025067949,141.51313099008985,11.336186641128734,570.95703125,11053,5000
280,ccbar,e1004,5000,57.49374198913574,27.97552915591371,178.72762914095074,16.236337135080248,614.0703125,12027,5000
281,charged,e1004,5000,76.79370498657227,24.569611008654203,203.50342535902746,13.923034032108262,719.0078125,10457,5000
282,ddbar,e1004,5000,42.56184196472168,72.61749218105894,68.85393380885944,5.305360123049468,527.765625,11201,5000
283,mixed,e1004,5000,76.82336521148682,34.293750137550724,145.79916107002646,9.853276098845527,645.9140625,10806,5000
284,ssbar,e1004,5000,44.54669952392578,70.81460670647336,70.60690205800347,5.514582297997549,586.93359375,12681,5000
285,taupair,e1004,5000,25.063286781311035,104.98718301327783,47.6248610210605,3.4935703889932483,472.29296875,7380,5000
286,uubar,e1004,5000,43.04495716094971,71.8524809587928,69.58701958903112,5.267213282873854,549.4921875,11248,5000
287,ccbar,e1004,5000,57.498931884765625,45.42809195219005,110.06405475409701,7.8976993940304965,601.71484375,11788,5000
288,charged,e1004,5000,77.03823375701904,44.39951362257111,112.61384623497725,8.898893931880593,644.0703125,10542,5000
289,ddbar,e1004,5000,42.488226890563965,72.73441986949928,68.7432443810103,5.212941645993851,552.53125,11182,5000
290,mixed,e1004,5000,77.3242826461792,21.591157629428228,231.5762816341594,18.59395309491083,653.9375,10567,5000
291,ssbar,e1004,5000,44.44498538970947,63.971311059366045,78.16003638505936,5.79184082406573,547.171875,12432,5000
292,taupair,e1004,5000,24.882088661193848,52.968725795433095,94.39532337081619,9.974211737979203,460.359375,7248,5000
293,uubar,e1004,5000,42.59698677062988,36.50338335701619,136.97360464092344,9.844371024984866,577.11328125,11200,5000
294,ccbar,e1004,5000,57.32783603668213,29.40939593663751,170.01369258901104,15.19551871396834,706.99609375,11969,5000
295,charged,e1004,5000,76.71552562713623,17.21753086187959,290.401686520001,18.996894799000074,748.57421875,10598,5000
296,ddbar,e1004,5000,42.21036434173584,28.278608383326862,176.8120952850004,11.988266200998623,531.1015625,11036,5000
297,mixed,e1004,5000,76.98101043701172,27.784283586324555,179.957852232008,13.314110534003703,658.71484375,10399,5000
298,ssbar,e1004,5000,44.64757251739502,36.84477704231203,135.70444446598412,13.692499629978556,536.75,12414,5000
299,taupair,e1004,5000,25.10338020324707,62.143546480764364,80.45887760119513,6.356846403097734,475.9375,7457,5000
300,uubar,e1004,5000,42.429426193237305,68.26743436714011,73.24136385601014,5.762489470187575,547.52734375,11091,5000
301,ccbar,e1004,5000,57.57221794128418,27.976671539220007,178.72033107979223,17.387471606954932,730.39453125,11956,5000
302,charged,e1004,5000,76.44995880126953,25.633362630065502,195.05829462013207,13.55061189411208,660.609375,10530,5000
303,ddbar,e1004,5000,42.35989475250244,60.049678846750076,83.26439201715402,5.932287293020636,520.70703125,11062,5000
304,mixed,e1004,5000,77.04563617706299,19.11229721090748,261.61167047708295,22.45964429504238,534.01953125,10591,5000
305,ssbar,e1004,5000,44.58620262145996,71.02426662079954,70.39847418200225,5.46135514206253,516.0,12397,5000
306,taupair,e1004,5000,25.019326210021973,51.03228807850697,97.97718637087382,7.411651208996773,449.58203125,7270,5000
307,uubar,e1004,5000,42.7467098236084,72.84795182740443,68.63610952091403,5.216829346027225,539.9140625,11049,5000
308,ccbar,e1004,5000,57.44094276428223,58.29333633741848,85.77309713512659,7.119716093176976,648.0703125,12253,5000
309,charged,e1004,5000,76.4983139038086,40.0808907846703,124.74772646301426,10.860672067850828,624.96484375,10840,5000
310,ddbar,e1004,5000,42.114280700683594,71.31865339391558,70.10788569413126,5.382522371131927,545.13671875,11019,5000
311,mixed,e1004,5000,76.71182250976562,40.322694703728615,123.99964924808592,9.68123892811127,654.50390625,10682,5000
312,ssbar,e1004,5000,44.3436861038208,36.123251091063885,138.41500554297818,14.915117794007529,553.078125,12668,5000
313,taupair,e1004,5000,24.932438850402832,90.357436003713,55.33578885300085,3.869381349068135,456.234375,7218,5000
314,uubar,e1004,5000,42.90986633300781,73.3655699365422,68.15185930300504,5.146176517941058,538.3671875,11188,5000
315,ccbar,e1004,5000,57.32115459442139,56.3920788442279,88.66493490710855,7.139143732143566,653.19140625,11900,5000
316,charged,e1004,5000,76.78463649749756,40.936225688997126,122.14120661700144,8.674313036957756,620.42578125,10567,5000
317,ddbar,e1004,5000,42.3133430480957,71.93066978456253,69.51137831714004,5.509726365096867,498.609375,11035,5000
318,mixed,e1004,5000,77.11415386199951,40.29411155257371,124.08761000912637,9.394300625892356,617.25,10580,5000
319,ssbar,e1004,5000,44.53566265106201,67.79027919715581,73.75688755401643,5.874278422008501,548.04296875,12511,5000
320,taupair,e1004,5000,24.74851703643799,110.14841611056686,45.39329911908135,3.223791467025876,478.375,7269,5000
321,uubar,e1004,5000,42.696038246154785,72.43420037143956,69.0281658989843,5.329334960086271,564.734375,10922,5000
322,ccbar,e1004,5000,57.468323707580566,52.80040295252567,94.69624700583518,7.445168823003769,727.890625,11945,5000
323,charged,e1004,5000,76.89883518218994,41.38735803148866,120.80983754014596,8.832497507100925,615.6640625,10744,5000
324,ddbar,e1004,5000,42.395063400268555,43.21648542501704,115.69659010507166,14.816229471936822,524.671875,11120,5000
325,mixed,e1004,5000,77.2212142944336,42.846858909398556,116.69466857705265,8.715170884970576,636.8359375,10909,5000
326,ssbar,e1004,5000,44.5891056060791,69.97133433445497,71.45783409103751,5.428462459938601,536.80859375,12434,5000
327,taupair,e1004,5000,24.889782905578613,89.01674911508454,56.16920466884039,3.8730536920484155,441.8828125,7330,5000
328,uubar,e1004,5000,42.6574068069458,68.1217656718211,73.39798008301295,5.3166089311707765,551.94140625,11020,5000
329,ccbar,e1004,5000,57.27308177947998,56.75135649551621,88.10362093098229,7.29209920798894,700.69140625,11855,5000
330,charged,e1004,5000,76.60839176177979,44.41418049505106,112.57665782119147,8.757482791086659,675.44921875,10441,5000
331,ddbar,e1004,5000,42.49419689178467,33.98101718784137,147.14097498496994,11.921902632107958,539.9375,10927,5000
332,mixed,e1004,5000,76.66962051391602,27.611690199955632,181.08272126014344,15.215112900128588,633.609375,10594,5000
333,ssbar,e1004,5000,44.61995315551758,39.2104430867055,127.51704919384792,12.467179014114663,532.5625,12558,5000
334,taupair,e1004,5000,24.995376586914062,52.15346505452797,95.8709070389159,7.756644102046266,479.296875,7336,5000
335,uubar,e1004,5000,42.41019821166992,36.88635475269025,135.55148058199848,10.250771477993112,533.2578125,10924,5000
336,ccbar,e1004,5000,57.37517547607422,58.86138841686281,84.94532892410643,6.937524226028472,616.33203125,12074,5000
337,charged,e1004,5000,76.84291648864746,17.12983910667307,291.8883224099991,19.131274405999648,698.38671875,10539,5000
338,ddbar,e1004,5000,42.26548385620117,73.28782490348638,68.22415601206012,5.260817578062415,548.5390625,11204,5000
339,mixed,e1004,5000,77.12920188903809,44.450514154265456,112.48463814496063,8.730394087964669,658.98046875,10366,5000
340,ssbar,e1004,5000,44.33161163330078,31.155952945370473,160.48297443403862,10.112767893821001,423.87890625,12537,5000
341,taupair,e1004,5000,25.16041660308838,46.617698294719155,107.2554026239086,7.067035746062174,376.6796875,7366,5000
342,uubar,e1004,5000,42.521456718444824,36.48349143379572,137.0482868689578,12.000939497957006,527.91796875,10834,5000
343,ccbar,e1004,5000,57.47085952758789,58.12194084786173,86.02603297587484,6.952172050019726,622.55078125,12178,5000
344,charged,e1004,5000,76.22702980041504,44.40827821323036,112.59162032790482,8.720935479039326,632.58984375,10487,5000
345,ddbar,e1004,5000,42.38471698760986,72.88238132289406,68.60368595598266,5.33345355396159,547.84765625,11099,5000
346,mixed,e1004,5000,76.86799049377441,44.247313503748394,113.00121078710072,8.621325374115258,677.43359375,10708,5000
347,ssbar,e1004,5000,44.61069202423096,35.693077408052325,140.08318595896708,11.664167004986666,539.62109375,12550,5000
348,taupair,e1004,5000,24.919419288635254,91.08942923439018,54.89111131802201,3.5792446159757674,462.83984375,7220,5000
349,uubar,e1004,5000,42.654425621032715,72.23469564829608,69.21881452016532,5.390392492990941,533.53515625,11170,5000
350,ccbar,e1004,5000,57.5761137008667,57.92102730714143,86.32443574396893,6.859326908830553,632.48828125,11950,5000
351,charged,e1004,5000,76.64880752563477,42.10483667650315,118.75120282298303,9.422907603002386,737.203125,10566,5000
352,ddbar,e1004,5000,42.21997928619385,35.10601137661133,142.42575000505894,11.800246935104951,506.70703125,11067,5000
353,mixed,e1004,5000,76.88729476928711,23.648533964910097,211.42959675297607,21.125493487052154,721.1171875,10581,5000
354,ssbar,e1004,5000,44.65583896636963,70.83138696498413,70.59017498092726,5.547601683996618,546.07421875,12594,5000
355,taupair,e1004,5000,25.061767578125,50.82990480923779,98.36729025491513,7.531791899818927,467.90625,7389,5000
356,uubar,e1004,5000,42.29033946990967,40.12051843645571,124.62451121909544,13.476247241953388,529.75390625,11147,5000
357,ccbar,e1004,5000,57.34851551055908,60.054860728036516,83.25720748305321,6.748386989114806,731.41796875,11937,5000
358,charged,e1004,5000,76.51568794250488,36.6435639608371,136.4496096870862,10.426951074972749,652.046875,10387,5000
359,ddbar,e1004,5000,42.427138328552246,72.98566074305398,68.50660731294192,5.344384246971458,527.06640625,11229,5000
360,mixed,e1004,5000,76.71865367889404,17.675621109467873,282.87549099600074,19.326458138999442,656.05078125,10631,5000
361,ssbar,e1004,5000,44.648287773132324,63.582305776350964,78.63823022693396,5.851587743964046,523.3125,12629,5000
362,taupair,e1004,5000,24.78557777404785,102.60095081485012,48.73249185597524,4.201092974981293,472.10546875,7246,5000
363,uubar,e1004,5000,42.55442523956299,70.39645897981593,71.02629979490303,6.42963506700471,544.375,11093,5000
364,ccbar,e1004,5000,57.58673095703125,58.47800042108452,85.50223954301327,7.022665494121611,614.59765625,12089,5000
365,charged,e1004,5000,76.35029315948486,24.107219255283486,207.40675011300482,19.57806591701228,746.6171875,10681,5000
366,ddbar,e1004,5000,42.401432037353516,73.4199639690158,68.10136820701882,5.23637793189846,573.59375,11092,5000
367,mixed,e1004,5000,76.93220901489258,42.2746293411264,118.27424812299432,8.840266637998866,682.453125,10652,5000
368,ssbar,e1004,5000,44.60361289978027,33.51612499871263,149.18192363204435,12.36194177204743,565.40234375,12451,5000
369,taupair,e1004,5000,24.99031639099121,106.85873376363698,46.79074722202495,3.2745417919941247,489.01171875,7350,5000
370,uubar,e1004,5000,42.51039505004883,35.093816125519744,142.47524356190115,11.505240762140602,525.70703125,10917,5000
371,ccbar,e1004,5000,57.42052364349365,55.78586816613749,89.6284339451231,6.846670462982729,606.8515625,11945,5000
372,charged,e1004,5000,76.5624418258667,44.094145992510114,113.39373713801615,8.428679649950936,688.23046875,10577,5000
373,ddbar,e1004,5000,42.3807258605957,73.12960156243406,68.37176592205651,5.184174145804718,522.0078125,11111,5000
374,mixed,e1004,5000,77.21678638458252,42.128131998803326,118.6855377338361,8.482331780949607,661.15234375,10469,5000
375,ssbar,e1004,5000,44.409881591796875,68.61317810662668,72.87229855800979,5.519219878129661,526.96875,12635,5000
376,taupair,e1004,5000,25.035747528076172,105.05766712651123,47.59290908277035,3.378154542064294,465.91796875,7336,5000
377,uubar,e1004,5000,42.47558307647705,73.67506915527507,67.86556235817261,5.34798212419264,540.6328125,11081,5000
378,ccbar,e1004,5000,57.31593894958496,59.38800648297899,84.19208348798566,7.00741229718551,660.609375,12061,5000
379,charged,e1004,5000,76.48364639282227,43.93286260595399,113.8100206409581,8.872564812889323,664.80859375,10792,5000
380,ddbar,e1004,5000,42.24439239501953,72.36055018628811,69.09842430893332,5.447376340860501,508.375,11148,5000
381,mixed,e1004,5000,76.79421520233154,44.34766410899939,112.74550983589143,8.809384263120592,671.5703125,10491,5000
382,ssbar,e1004,5000,44.44506645202637,71.89634250019604,69.54456688789651,5.380734509788454,523.09375,12731,5000
383,taupair,e1004,5000,25.090779304504395,106.71530528523611,46.853635349078104,3.27611728804186,472.48828125,7316,5000
384,uubar,e1004,5000,42.340298652648926,63.56488135707947,78.65978655591607,6.241512275068089,503.71875,11057,5000
385,ccbar,e1004,5000,57.367231369018555,58.49422696987017,85.47852085600607,7.0471959500573575,651.828125,11905,5000
386,charged,e1004,5000,76.34285640716553,43.4549822551465,115.06160491891205,8.666322639910504,645.80078125,10580,5000
387,ddbar,e1004,5000,42.00821113586426,74.24509173300545,67.34451912296936,5.084242980927229,536.7109375,11049,5000
388,mixed,e1004,5000,77.16280364990234,27.05950913513018,184.77792686596513,18.970958727179095,651.4609375,10637,5000
389,ssbar,e1004,5000,44.76844882965088,33.54560852824916,149.0508063310117,16.27138725599798,530.0546875,12488,5000
390,taupair,e1004,5000,24.9223575592041,107.31895972451208,46.5900900720153,3.296313884900883,461.03515625,7350,5000
391,uubar,e1004,5000,42.949103355407715,73.40869864870936,68.11181906284764,5.219489754876122,552.32421875,11158,5000
392,ccbar,e1004,5000,57.51291370391846,28.21598781493529,177.20449954806827,15.600277460878715,591.90234375,12018,5000
393,charged,e1004,5000,76.7107982635498,21.45300152704556,233.06761963805184,19.703325486043468,756.8125,10491,5000
394,ddbar,e1004,5000,42.64337348937988,72.2225558516419,69.23044942179695,5.278683318989351,501.2734375,11100,5000
395,mixed,e1004,5000,77.24505615234375,42.51560064512965,117.60388949303888,9.005855727009475,642.14453125,10505,5000
396,ssbar,e1004,5000,44.50118446350098,27.35138968710827,182.80606788899968,12.483883896000407,558.51171875,12623,5000
397,taupair,e1004,5000,25.03853130340576,56.711029216882295,88.16627151798457,7.022815660107881,463.26171875,7341,5000
398,uubar,e1004,5000,42.47507667541504,38.595940156567856,129.54730419098632,12.82604540901957,545.82421875,11017,5000
399,ccbar,e1004,5000,57.48085403442383,56.893445633003786,87.88358561112545,7.208002828061581,664.9921875,12004,5000
400,charged,e1004,5000,76.41614818572998,43.328700429218124,115.39695283886977,9.223597676958889,632.91796875,10412,5000
401,ddbar,e1004,5000,42.39796257019043,69.70041450316889,71.73558486904949,5.531154460040852,559.87109375,10978,5000
402,mixed,e1004,5000,76.99227046966553,42.0436423825647,118.92404455598444,8.796097940998152,634.40625,10654,5000
403,ssbar,e1004,5000,44.51950168609619,68.94127145587996,72.52549734595232,5.65216375910677,545.26171875,12610,5000
404,taupair,e1004,5000,25.13451862335205,103.80152207818556,48.1688505129423,3.35848382092081,467.96875,7220,5000
405,uubar,e1004,5000,42.5020694732666,38.447232634297386,130.04837168799713,9.584748118009884,571.61328125,10924,5000
406,ccbar,e1004,5000,57.562928199768066,34.34883873640141,145.56532866717316,12.30219606985338,700.0703125,12063,5000
407,charged,e1004,5000,76.42501544952393,44.966352350571924,111.1942538949661,8.740234630880877,628.2734375,10618,5000
408,ddbar,e1004,5000,42.44196605682373,43.43021117826709,115.12723204307258,9.61720195505768,539.2109375,11169,5000
409,mixed,e1004,5000,77.29437446594238,26.177459184193737,191.00402238499373,17.58299730392173,721.859375,10736,5000
410,ssbar,e1004,5000,44.40115737915039,71.00191553330845,70.42063530883752,5.432617943035439,555.98046875,12450,5000
411,taupair,e1004,5000,24.999260902404785,107.70056021375085,46.425013853935525,3.3760366060305387,438.36328125,7301,5000
412,uubar,e1004,5000,42.5216646194458,72.03448408475664,69.41120025399141,5.417234876891598,543.68359375,11126,5000
413,ccbar,e1004,5000,57.3799352645874,58.45865202686947,85.53053870797157,6.911623653024435,652.58984375,12007,5000
414,charged,e1004,5000,76.27500534057617,44.30818285359837,112.84597286512144,8.717911613872275,680.765625,10382,5000
415,ddbar,e1004,5000,42.44065761566162,62.29542300370937,80.26271849381737,5.8816764110233635,560.08984375,11145,5000
416,mixed,e1004,5000,77.21122741699219,44.63738738261314,112.01372421602719,8.573028308805078,654.68359375,10585,5000
417,ssbar,e1004,5000,44.7041711807251,33.552466316283535,149.02034183917567,12.056908481987193,563.19921875,12691,5000
418,taupair,e1004,5000,25.04584312438965,105.62033808529593,47.33936749910936,3.3783226581290364,475.703125,7140,5000
419,uubar,e1004,5000,42.684372901916504,70.09511756228285,71.33164439816028,5.170222009997815,568.15234375,11259,5000
420,ccbar,e1004,5000,57.3627872467041,58.62092990624789,85.29376807902008,6.891502126120031,654.796875,11875,5000
421,charged,e1004,5000,76.68649196624756,42.280064111400385,118.25904489704408,9.618363156914711,644.97265625,10528,5000
422,ddbar,e1004,5000,42.2515230178833,32.1148112093376,155.691402555909,11.086936163017526,431.609375,11162,5000
423,mixed,e1004,5000,76.7335262298584,42.98573573097067,116.31765549606644,9.790679658995941,634.12109375,10725,5000
424,ssbar,e1004,5000,44.50731658935547,40.744681222192135,122.71540358196944,13.832728903042153,553.4296875,12468,5000
425,taupair,e1004,5000,25.025793075561523,54.77293835655336,91.28595525497803,9.52862322202418,491.93359375,7386,5000
426,uubar,e1004,5000,42.39409065246582,42.967396265647125,116.36730252602138,9.547890993999317,544.85546875,11227,5000
427,ccbar,e1004,5000,57.42808437347412,58.25940610684886,85.82305131689645,6.76065464084968,660.953125,12046,5000
428,charged,e1004,5000,77.0258617401123,18.566445425617587,269.30302949110046,19.38440712611191,608.24609375,10717,5000
429,ddbar,e1004,5000,42.11367607116699,42.287147335933504,118.23923615086824,9.47700637509115,505.46484375,11128,5000
430,mixed,e1004,5000,77.1973180770874,41.688633908303814,119.93676768103614,9.778290492948145,654.0234375,10558,5000
431,ssbar,e1004,5000,44.436553955078125,41.510104687706715,120.45259913499467,8.997260509058833,473.8359375,12496,5000
432,taupair,e1004,5000,25.161865234375,103.53063711364754,48.29488293896429,3.3521416888106614,479.140625,7224,5000
433,uubar,e1004,5000,42.59805202484131,71.89349783002636,69.54731861595064,5.2643071881029755,547.10546875,11261,5000
434,ccbar,e1004,5000,57.26227951049805,56.044167281679925,89.21535000903532,6.937908717896789,650.98828125,12004,5000
435,charged,e1004,5000,76.81316947937012,42.482794284276224,117.69470639200881,8.833066490013152,667.21484375,10719,5000
436,ddbar,e1004,5000,42.37727355957031,37.34582966974026,133.88375741592608,12.530765721807256,569.23046875,11218,5000
437,mixed,e1004,5000,77.13727855682373,42.63256731724855,117.2812315709889,8.971590742003173,625.16015625,10394,5000
438,ssbar,e1004,5000,44.60421943664551,33.77468837180117,148.039855910989,11.221737910003867,555.8125,12437,5000
439,taupair,e1004,5000,25.00490951538086,101.53282060252259,49.24516004114412,3.652265975950286,459.5703125,7112,5000
440,uubar,e1004,5000,42.427940368652344,69.00218552229484,72.46147295413539,5.3789226789958775,541.26171875,11042,5000
441,ccbar,e1004,5000,57.35214424133301,53.40752701399192,93.61976259807125,7.895965809933841,656.37109375,11909,5000
442,charged,e1004,5000,76.82032012939453,23.87796051208324,209.39811829698738,19.566809942014515,653.0,10719,5000
443,ddbar,e1004,5000,42.366339683532715,38.666648464174344,129.3104057009914,9.324408584041521,544.60546875,11048,5000
444,mixed,e1004,5000,77.45106506347656,39.750092873161044,125.78586963191628,9.299575048033148,654.71875,10614,5000
445,ssbar,e1004,5000,44.738348960876465,41.778619558520944,119.6784396620933,9.283232055138797,544.98828125,12656,5000
446,taupair,e1004,5000,25.126056671142578,56.873063792846764,87.91508082300425,7.497387145995162,483.796875,7272,5000
447,uubar,e1004,5000,42.35505771636963,71.13580025843288,70.2880965960212,5.347790561849251,552.60546875,11086,5000
448,ccbar,e1004,5000,57.448927879333496,35.559697604516344,140.6086197809782,11.476052060956135,625.85546875,12101,5000
449,charged,e1004,5000,76.39263725280762,26.844768152418165,186.25603214791045,13.991813408909366,682.58203125,10535,5000
450,ddbar,e1004,5000,42.2786808013916,43.69143421330605,114.43890753481537,8.96051759691909,454.828125,11162,5000
451,mixed,e1004,5000,77.23948955535889,40.827589030699976,122.46620774595067,9.690402437001467,664.84375,10730,5000
452,ssbar,e1004,5000,44.65486717224121,43.81643917502309,114.11242205300368,10.341504679992795,554.29296875,12480,5000
453,taupair,e1004,5000,25.000621795654297,46.53192996289046,107.45309734600596,6.783342506969348,374.61328125,7316,5000
454,uubar,e1004,5000,42.39525127410889,31.624010639897417,158.10771305812523,12.711246432038024,469.83203125,11049,5000
455,ccbar,e1004,5000,57.61048889160156,35.47125096488669,140.9592237090692,12.564340061042458,594.7578125,11961,5000
456,charged,e1004,5000,76.58031272888184,26.550888033672738,188.3176183658652,17.528372595086694,663.01171875,10478,5000
457,ddbar,e1004,5000,42.38542366027832,40.44825021277799,123.61474164389074,9.766682012937963,453.16015625,10961,5000
458,mixed,e1004,5000,77.02692031860352,27.03678301986741,184.93324432591908,24.415020152926445,632.4609375,10599,5000
459,ssbar,e1004,5000,44.66852378845215,38.0066532430628,131.5559138560202,13.125216118991375,518.1953125,12526,5000
460,taupair,e1004,5000,24.996094703674316,59.20123368310504,84.45769942505285,6.217600400792435,464.234375,7262,5000
461,uubar,e1004,5000,42.56933116912842,28.330258883636294,176.4897391350005,12.22452194700054,548.63671875,11117,5000
462,ccbar,e1004,5000,57.39657783508301,22.288685628553694,224.32906467999965,15.375013609000234,614.36328125,12015,5000
463,charged,e1004,5000,76.9885311126709,12.518598898626536,399.40571948100114,25.43340340299983,623.671875,10502,5000
464,ddbar,e1004,5000,42.49901580810547,34.53241485577734,144.791495783953,12.223233646946028,525.0703125,10978,5000
465,mixed,e1004,5000,77.04276466369629,44.274383667796776,112.93211978999898,8.85333097493276,616.1328125,10550,5000
466,ssbar,e1004,5000,44.71147346496582,43.54101734925309,114.83424835698679,9.214196052984335,577.99609375,12432,5000
467,taupair,e1004,5000,24.924434661865234,66.28258971453828,75.43459031298698,5.210832160999416,475.42578125,7159,5000
468,uubar,e1004,5000,42.78310966491699,28.839086433148335,173.37581104000856,12.898925350993522,549.94140625,11277,5000
469,ccbar,e1004,5000,57.482343673706055,31.254859448129437,159.9751234939322,17.423512146109715,548.4609375,12067,5000
470,charged,e1004,5000,76.73102188110352,44.745994984132565,111.74184419796802,8.658214577008039,737.06640625,10425,5000
471,ddbar,e1004,5000,42.40969467163086,73.34891694176451,68.16733236797154,5.3900796989910305,529.67578125,11166,5000
472,mixed,e1004,5000,76.67812061309814,13.458892756794148,371.5015856319951,23.18718638800783,658.1796875,10472,5000
473,ssbar,e1004,5000,44.459482192993164,37.77991434172627,132.34545623301528,13.063955693971366,581.8359375,12557,5000
474,taupair,e1004,5000,24.989569664001465,54.20651909710146,92.23982803698163,7.714564709982369,470.23046875,7176,5000
475,uubar,e1004,5000,42.37268543243408,74.33970327891541,67.25881029199809,5.344266975997016,551.265625,11047,5000
476,ccbar,e1004,5000,57.31275272369385,58.269873495048785,85.80763437601854,6.750904162996449,603.01953125,12132,5000
477,charged,e1004,5000,76.71394062042236,26.460660148834823,188.95976033387706,13.070159214083105,574.8671875,10446,5000
478,ddbar,e1004,5000,42.69771480560303,35.472675284407,140.95356383221224,12.430873232893646,536.22265625,11125,5000
479,mixed,e1004,5000,77.04899787902832,21.095382243579685,237.01869642687961,19.050047199008986,665.08984375,10558,5000
480,ssbar,e1004,5000,44.24248504638672,40.46045510914556,123.57745325681753,12.917596322949976,517.00390625,12629,5000
481,taupair,e1004,5000,24.9672269821167,108.80463397260013,45.95392509899102,3.249869184801355,471.453125,7090,5000
482,uubar,e1004,5000,42.70844268798828,72.46972435099316,68.99432893912308,5.280027051921934,521.78515625,11102,5000
483,ccbar,e1004,5000,57.59067249298096,29.747485973268624,168.08143062889576,17.91564315999858,747.328125,11868,5000
484,charged,e1004,5000,76.03534317016602,44.905999594616915,111.3436967250891,8.737777333008125,615.34375,10386,5000
485,ddbar,e1004,5000,42.19331741333008,64.66889314091702,77.31692560602096,5.145518625999102,536.97265625,10939,5000
486,mixed,e1004,5000,76.5871057510376,23.97159899521817,208.58016192400828,20.566665596037637,606.13671875,10516,5000
487,ssbar,e1004,5000,44.627976417541504,71.73413508469761,69.70182318496518,5.54981424799189,541.5390625,12557,5000
488,taupair,e1004,5000,24.987565994262695,63.940071492075745,78.19822348211892,5.7748749940656126,396.44140625,7127,5000
489,uubar,e1004,5000,42.4864387512207,73.21853770101136,68.28871699701995,5.323482852894813,514.56640625,11150,5000
490,ccbar,e1004,5000,57.60096263885498,33.19357811287673,150.63154634903185,12.906020083930343,692.10546875,12091,5000
491,charged,e1004,5000,76.56263160705566,24.397412360262784,204.93976681493223,19.95029125502333,665.33984375,10562,5000
492,ddbar,e1004,5000,42.10569477081299,74.29338737985756,67.30074070300907,5.224003037001239,567.30859375,11105,5000
493,mixed,e1004,5000,77.16921520233154,44.64766257635217,111.98794542602263,8.373389499960467,633.10546875,10672,5000
494,ssbar,e1004,5000,44.60771560668945,36.45558614020615,137.1531918529654,13.140138859977014,543.03125,12487,5000
495,taupair,e1004,5000,25.038660049438477,108.11206013848532,46.24830933380872,3.2307861719746143,464.0859375,7287,5000
496,uubar,e1004,5000,42.51143455505371,74.25818825609741,67.33264192705974,5.310387236066163,548.15234375,11141,5000
497,ccbar,e1004,5000,57.772626876831055,33.815857464285585,147.85962488991208,11.724477699026465,573.625,11835,5000
498,charged,e1004,5000,76.57016181945801,24.09666439608234,207.4975987470243,21.841845436953008,608.1875,10665,5000
499,ddbar,e1004,5000,42.25496768951416,73.69920941742015,67.84333291393705,5.329366894904524,500.5234375,11070,5000
500,mixed,e1004,5000,77.00791358947754,44.91445574547008,111.32273378386162,8.499504969920963,621.9453125,10653,5000
501,ssbar,e1004,5000,44.64250946044922,69.78347013165713,71.65020585199818,5.443227926996769,551.70703125,12675,5000
502,taupair,e1004,5000,24.94306755065918,109.5739100905893,45.631300332956016,3.3130934999790043,459.46875,7294,5000
503,uubar,e1004,5000,42.263858795166016,75.39723094286164,66.31543277483433,5.1356009361334145,521.19921875,10844,5000
504,ccbar,e1004,5000,57.44074630737305,59.72486619145119,83.7172239779029,6.79734103102237,662.86328125,12149,5000
505,charged,e1004,5000,76.50462913513184,25.52811253018147,195.86250233300962,13.614151417044923,619.8984375,10631,5000
506,ddbar,e1004,5000,42.37075901031494,41.99074372473302,119.07386143901385,7.931706116069108,481.0234375,11168,5000
507,mixed,e1004,5000,76.97122573852539,44.267912562095624,112.94862826401368,8.797938111936674,643.375,10601,5000
508,ssbar,e1004,5000,44.62708282470703,70.6849828060541,70.73638277198188,5.4041713029146194,531.60546875,12502,5000
509,taupair,e1004,5000,24.815199851989746,106.6050799351414,46.902080117026344,3.2416884859558195,445.50390625,7201,5000
510,uubar,e1004,5000,42.604994773864746,73.66304419314947,67.87664092308842,5.2056043210905045,537.81640625,11065,5000
511,ccbar,e1004,5000,57.51065635681152,58.84528461119878,84.96857535885647,6.99367915908806,660.35546875,11934,5000
512,charged,e1004,5000,76.38709545135498,45.33131275762473,110.29903384298086,8.519485282013193,630.15234375,10459,5000
513,ddbar,e1004,5000,42.28506851196289,72.39718670329654,69.06345712702023,5.362100654980168,569.1953125,11206,5000
514,mixed,e1004,5000,76.85532188415527,44.08219513647118,113.42447862500558,8.641069787991,660.17578125,10471,5000
515,ssbar,e1004,5000,44.526705741882324,70.62550164168984,70.79595732101006,5.4601683860237245,549.10546875,12666,5000
516,taupair,e1004,5000,24.91101837158203,64.14901396950425,77.9435207278002,5.519429174019024,412.38671875,7387,5000
517,uubar,e1004,5000,42.58832263946533,46.021902512301764,108.64392228599172,8.127994957001647,549.13671875,11085,5000
518,ccbar,e1004,5000,57.72119998931885,58.37501980592204,85.65307586401468,6.860042551998049,598.0546875,11986,5000
519,charged,e1004,5000,76.76191425323486,26.74599533048198,186.94387470791116,16.626594733912498,610.25,10440,5000
520,ddbar,e1004,5000,42.376646995544434,37.61793980739476,132.9153065159917,11.867708372999914,532.47265625,11040,5000
521,mixed,e1004,5000,77.05323791503906,44.969488843703274,111.18649841402657,8.652663085842505,662.5859375,10573,5000
522,ssbar,e1004,5000,44.75831699371338,70.42663204656637,70.9958698109258,5.583585564047098,555.4921875,12716,5000
523,taupair,e1004,5000,25.062947273254395,107.04421997707288,46.70966822002083,3.304539314005524,477.31640625,7294,5000
524,uubar,e1004,5000,42.47135543823242,72.11133386774458,69.33722803089768,5.29935671784915,523.5234375,11105,5000
525,ccbar,e1004,5000,57.35032081604004,37.28046601657317,134.11849513300695,10.018145715992432,707.5234375,12031,5000
526,charged,e1004,5000,76.89319610595703,25.40554600034579,196.80742149497382,14.348001441918314,568.26171875,10544,5000
527,ddbar,e1004,5000,42.63614559173584,43.76582282818687,114.24439612682909,9.217950833961368,540.82421875,11176,5000
528,mixed,e1004,5000,77.1249828338623,23.96109440811641,208.67160384403542,17.940469541121274,636.41796875,10616,5000
529,ssbar,e1004,5000,44.43784141540527,35.20651695649946,142.0191610030015,11.948859955999069,583.94140625,12786,5000
530,taupair,e1004,5000,24.952110290527344,54.653553100803784,91.48536035302095,8.285017393995076,485.83984375,7386,5000
531,uubar,e1004,5000,42.53653335571289,35.753813738174074,139.84522145288065,11.579395136097446,569.0546875,10761,5000
532,ccbar,e1004,5000,57.35811424255371,35.22868712439011,141.92978530097753,12.510847536148503,673.78125,11878,5000
533,charged,e1004,5000,76.51835346221924,21.46141939707018,232.97620290121995,20.508890204131603,721.109375,10518,5000
534,ddbar,e1004,5000,42.14879512786865,47.60632799755633,105.02805425901897,7.460467515978962,535.51953125,10995,5000
535,mixed,e1004,5000,76.74317264556885,25.650795152951297,194.92573115904815,15.581472751917318,624.77734375,10706,5000
536,ssbar,e1004,5000,44.41483402252197,40.87530508155194,122.32324602897279,10.46684636711143,564.015625,12476,5000
537,taupair,e1004,5000,24.961853981018066,54.575256617206456,91.61660997895524,8.77719470881857,461.33984375,7255,5000
538,uubar,e1004,5000,42.45791149139404,74.2866268105014,67.30686551099643,5.205498395953327,528.15625,10940,5000
539,ccbar,e1004,5000,57.491421699523926,57.64318032902635,86.74052978097461,7.110715076094493,696.0078125,11961,5000
540,charged,e1004,5000,77.07744407653809,18.981385571534474,263.41596513893455,20.375637457938865,564.3828125,10572,5000
541,ddbar,e1004,5000,42.27108669281006,74.39749528194163,67.20656362222508,5.133520749863237,544.0703125,11051,5000
542,mixed,e1004,5000,77.44558143615723,44.628543557965365,112.0359214390628,8.62851534015499,676.92578125,10721,5000
543,ssbar,e1004,5000,44.223745346069336,72.09999739513937,69.34813010599464,5.412901588017121,552.06640625,12448,5000
544,taupair,e1004,5000,24.885404586791992,105.54633630228271,47.37255858583376,3.346296370960772,445.87890625,7329,5000
545,uubar,e1004,5000,42.4791955947876,33.427377036543554,149.57799394591711,11.641720759915188,447.21875,11003,5000
546,ccbar,e1004,5000,57.68493366241455,59.026118668052355,84.70826327102259,6.932999180164188,599.171875,11880,5000
547,charged,e1004,5000,76.66327953338623,44.526864602463256,112.29176014615223,8.894309369148687,640.953125,10432,5000
548,ddbar,e1004,5000,42.36086463928223,74.04562938293475,67.52593018207699,5.317251248983666,545.06640625,11016,5000
549,mixed,e1004,5000,76.54522705078125,43.32581788519029,115.40463040419854,8.707633084151894,619.3984375,10550,5000
550,ssbar,e1004,5000,44.72548007965088,70.55292642079797,70.86878253892064,5.606150344014168,566.015625,12776,5000
551,taupair,e1004,5000,25.000051498413086,107.60960668427082,46.464253090991406,3.2808896049973555,483.58984375,7344,5000
552,uubar,e1004,5000,42.78128910064697,28.503370405141688,175.4178516060001,12.130452240000523,530.546875,11091,5000
553,ccbar,e1004,5000,57.40322208404541,34.80410670955849,143.66120761912316,10.534639703808352,558.171875,11999,5000
554,charged,e1004,5000,76.94630813598633,26.974171245782976,185.3625067640096,23.957571734907106,647.78125,10531,5000
555,ddbar,e1004,5000,42.29838943481445,74.14592938312917,67.4345853049308,5.199609691044316,546.19140625,11057,5000
556,mixed,e1004,5000,77.16060638427734,27.529443917166443,181.6237194999121,14.047449982026592,619.2421875,10556,5000
557,ssbar,e1004,5000,44.2086877822876,42.21040762361942,118.45419841911644,12.113739666994661,545.48828125,12650,5000
558,taupair,e1004,5000,24.934490203857422,55.25736412944623,90.48567695496604,7.790925940964371,454.9296875,7325,5000
559,uubar,e1004,5000,42.15635585784912,38.41946914870972,130.14234998007305,15.155261954059824,535.41796875,11070,5000
560,ccbar,e1004,5000,57.42842197418213,30.75634039347874,162.56810582900653,18.097900091961492,674.76953125,12104,5000
561,charged,e1004,5000,76.55553150177002,44.67335274938492,111.92354484897805,8.58656346600037,664.58984375,10621,5000
562,ddbar,e1004,5000,42.31640625,74.0234707687158,67.54614378488623,5.2350220419466496,539.9765625,11160,5000
563,mixed,e1004,5000,76.80764770507812,17.745020192827777,281.76919190099943,19.33814404899931,664.5546875,10716,5000
564,ssbar,e1004,5000,44.78892421722412,69.61213604159026,71.82655617711134,5.669765676138923,546.9765625,12685,5000
565,taupair,e1004,5000,24.994736671447754,63.06689666280111,79.28089480497874,5.012912950012833,422.0234375,7238,5000
566,uubar,e1004,5000,42.35630130767822,40.00962417492496,124.96993168792687,9.328244707081467,562.21875,10983,5000
567,ccbar,e1004,5000,57.56080150604248,54.8401637494124,91.17405306897126,6.771927439142019,634.33984375,12137,5000
568,charged,e1004,5000,76.55554580688477,44.933709386389,111.2750331161078,8.520499035017565,679.484375,10503,5000
569,ddbar,e1004,5000,42.10758972167969,47.95327804217946,104.26815859391354,7.303076120093465,511.125,10967,5000
570,mixed,e1004,5000,77.4616813659668,42.66816590266119,117.18338237004355,8.471883913967758,644.87109375,10637,5000
571,ssbar,e1004,5000,44.384732246398926,69.85013231796128,71.58182574715465,5.556274253875017,541.96875,12409,5000
572,taupair,e1004,5000,25.148184776306152,52.561422738294716,95.12680097902194,7.1659532389603555,510.2890625,7377,5000
573,uubar,e1004,5000,42.84995079040527,73.34087953396465,68.17480280809104,5.352233531884849,569.84765625,11074,5000
574,ccbar,e1004,5000,57.55721473693848,59.69362151527131,83.76104302401654,6.935887359082699,644.375,12000,5000
575,charged,e1004,5000,76.73486423492432,45.27282390040109,110.44153134780936,8.426697354996577,619.79296875,10600,5000
576,ddbar,e1004,5000,42.30701923370361,74.85116071052882,66.79923133505508,5.073504640022293,528.2890625,11011,5000
577,mixed,e1004,5000,76.82351589202881,44.74059099046175,111.75534094008617,8.40927037387155,664.51171875,10686,5000
578,ssbar,e1004,5000,44.785465240478516,45.02523212682593,111.04884447716177,8.998069658875465,535.05078125,12773,5000
579,taupair,e1004,5000,25.01076602935791,106.10662830660644,47.12240959680639,3.2820757168810815,457.2734375,7310,5000
580,uubar,e1004,5000,42.56963634490967,73.59245663985723,67.94174604699947,5.2798332560341805,530.9921875,11046,5000
581,ccbar,e1004,5000,57.422574043273926,59.66092844944285,83.80694249900989,7.028055773116648,646.36328125,11954,5000
582,charged,e1004,5000,76.45736312866211,44.850715250205916,111.48094232403673,8.783084410009906,654.33984375,10367,5000
583,ddbar,e1004,5000,42.328033447265625,73.55518462854411,67.97617360693403,5.282119728159159,533.99609375,11131,5000
584,mixed,e1004,5000,77.32189083099365,22.39132794662331,223.30073553114198,21.124798009870574,700.58203125,10641,5000
585,ssbar,e1004,5000,44.70537281036377,40.71938915572992,122.79162589786574,10.366819999180734,578.0234375,12597,5000
586,taupair,e1004,5000,24.921292304992676,59.55589786159682,83.95474133593962,6.400606444105506,471.8203125,7079,5000
587,uubar,e1004,5000,42.40040588378906,36.15987653779215,138.27480839914642,11.76758357300423,522.8984375,11110,5000
588,ccbar,e1004,5000,57.49155235290527,36.953269767105745,135.3060238379985,13.239180244971067,675.359375,11960,5000
589,charged,e1004,5000,76.28979015350342,24.91506778162936,200.68177392985672,17.26622122898698,672.2265625,10567,5000
590,ddbar,e1004,5000,42.494956970214844,38.97681497929044,128.2813899149187,10.418137804139405,547.8828125,11283,5000
591,mixed,e1004,5000,77.6302261352539,26.98143409618302,185.31261096708477,15.803471146151423,654.26171875,10514,5000
592,ssbar,e1004,5000,44.64047431945801,38.15118506202899,131.057527882047,11.120717480080202,544.41015625,12529,5000
593,taupair,e1004,5000,25.056103706359863,58.49605457692621,85.47585022891872,7.857253998052329,494.75390625,7134,5000
594,uubar,e1004,5000,42.79176712036133,38.38006801240089,130.27595465397462,10.871925479965284,578.33203125,11034,5000
595,ccbar,e1004,5000,57.41405773162842,59.42921526163605,84.13370390282944,6.77927092788741,655.7890625,12069,5000
596,charged,e1004,5000,76.69937896728516,40.91442556052562,122.20628620591015,11.412509493995458,624.79296875,10607,5000
597,ddbar,e1004,5000,42.702284812927246,49.17747576313116,101.67256294493563,7.528441876871511,496.62109375,11170,5000
598,mixed,e1004,5000,77.07420825958252,19.474855072305143,256.7413200989831,18.288864718051627,697.19921875,10505,5000
599,ssbar,e1004,5000,44.33659267425537,70.9993315870916,70.42319819401018,5.376956412103027,531.8046875,12552,5000
600,taupair,e1004,5000,25.029315948486328,72.01316360190108,69.43175038998015,4.901778066996485,415.80859375,7288,5000
601,uubar,e1004,5000,42.00178337097168,67.01151234171873,74.61404503905214,6.759535901946947,516.65234375,10986,5000
602,ccbar,e1004,5000,57.26496601104736,22.550155928404127,221.72795682099968,15.606032529000004,624.08984375,12098,5000
603,charged,e1004,5000,76.65356540679932,35.75469985479023,139.84175563789904,11.314971396932378,602.23828125,10382,5000
604,ddbar,e1004,5000,42.40822505950928,39.44579742719374,126.7562155189953,9.215834120986983,541.73046875,11348,5000
605,mixed,e1004,5000,77.2986421585083,24.74706562891153,202.04415646591224,17.402906581992283,635.1328125,10565,5000
606,taupair,e1004,5000,25.05530834197998,100.45138507333462,49.77532162796706,4.058596819872037,470.62109375,7365,5000
607,uubar,e1004,5000,42.42621898651123,38.99136700277068,128.23351383511908,11.522271465044469,553.8828125,11182,5000
608,ccbar,e1004,5000,57.55380058288574,51.63690350530632,96.82997353794053,8.800840280018747,609.6484375,11997,5000
609,charged,e1004,5000,76.31825256347656,38.053477063125634,131.39403770398349,10.937631316948682,601.37109375,10548,5000
610,ddbar,e1004,5000,42.15132999420166,73.71293404250845,67.83070115098963,5.286895104974974,553.8359375,11118,5000
611,mixed,e1004,5000,77.11797523498535,44.5984843626624,112.11143319000257,8.60759444400901,649.76171875,10650,5000
612,taupair,e1004,5000,25.191720008850098,95.52877711370301,52.340249201020924,3.3083071619912516,471.26953125,7420,5000
613,uubar,e1004,5000,42.908447265625,73.03604015941318,68.45935224700952,5.241448966000462,547.7265625,11070,5000
614,ccbar,e1004,5000,57.40958118438721,49.14958807523573,101.73025239491835,8.521087567089126,626.0234375,12067,5000
615,charged,e1004,5000,76.08382511138916,44.357388660273145,112.7207924319955,8.638083821017062,721.53125,10567,5000
616,ddbar,e1004,5000,42.283063888549805,75.00848295258815,66.65912711713463,4.997280532028526,541.46484375,11042,5000
617,mixed,e1004,5000,77.0697603225708,26.72283262305282,187.10591315408237,17.702791560906917,607.52734375,10731,5000
618,taupair,e1004,5000,24.993258476257324,33.77065785012772,148.05752443999518,9.25230480999744,474.12890625,7294,5000
619,uubar,e1004,5000,42.40619087219238,40.646213486971405,123.01268853992224,16.471951354062185,513.5546875,11137,5000
620,ccbar,e1004,5000,57.367422103881836,32.14865426008356,155.52750542992726,12.689310759073123,770.3828125,11964,5000
621,charged,e1004,5000,76.33788394927979,12.698247948586499,393.7551085979994,25.36997035099921,633.5234375,10401,5000
622,ddbar,e1004,5000,42.38377094268799,73.81558886493451,67.73636946998886,5.169271772989305,558.57421875,10943,5000
623,mixed,e1004,5000,77.2426872253418,34.06136330484432,146.79388946504332,11.378113724058494,619.64453125,10442,5000
624,taupair,e1004,5000,24.84255313873291,57.28832834485027,87.27781285399396,6.290657245001057,472.17578125,7269,5000
625,uubar,e1004,5000,42.53628730773926,28.649670447337293,174.5220772850007,12.58751217200006,553.484375,10860,5000
626,ccbar,e1004,5000,57.57897663116455,22.898901548485444,218.35108506899996,15.803987561999747,594.65234375,11937,5000
627,charged,e1004,5000,76.63879680633545,22.973566255635514,217.64143817999866,19.4311599030043,764.69921875,10686,5000
628,ddbar,e1004,5000,42.43484401702881,37.08032287747152,134.8424072930011,9.52661305699985,543.9765625,10974,5000
629,mixed,e1004,5000,76.85265350341797,43.96655445753691,113.72280729500926,8.777627492992906,656.2734375,10692,5000
630,taupair,e1004,5000,25.006132125854492,106.46561347492609,46.96352030299022,3.2941443559830077,494.5390625,7285,5000
631,uubar,e1004,5000,42.56494331359863,42.75885815271352,116.93483446500068,8.879366253000626,547.6875,11268,5000
632,ccbar,e1004,5000,57.417531967163086,22.685722474079764,220.40294311600155,15.61996160200033,595.69140625,11932,5000
633,charged,e1004,5000,76.57749271392822,28.01920993675312,178.44900021400827,13.472789207997266,738.33203125,10547,5000
634,mixed,e1004,5000,77.23945426940918,17.767803124014844,281.40789072803454,19.238803231040947,634.01171875,10583,5000
635,taupair,e1004,5000,24.914478302001953,108.39774987932883,46.126418727013515,3.32674344201223,450.0703125,7252,5000
636,uubar,e1004,5000,42.640774726867676,45.786994636243,109.20131447199674,8.304324097989593,538.25,11149,5000
637,ccbar,e1004,5000,57.66704177856445,22.73826104370084,219.89368449902395,16.013340839999728,618.9375,11949,5000
638,charged,e1004,5000,76.38771724700928,25.855224556727585,193.38451263611205,17.948781380895525,668.93359375,10615,5000
639,mixed,e1004,5000,77.1614818572998,44.46163225744328,112.45651016698685,8.503451033000601,672.37890625,10523,5000
640,taupair,e1004,5000,24.97110366821289,108.7663449118265,45.97010227799183,3.2412858289899305,490.9375,7135,5000
641,uubar,e1004,5000,42.38641834259033,39.4599004895367,126.7109125459101,12.378901212941855,521.0625,11180,5000
642,ccbar,e1004,5000,57.378764152526855,29.81773062344487,167.68546416703612,13.767661932157353,702.01171875,12034,5000
643,charged,e1004,5000,76.71579456329346,27.12155206173035,184.35523116891272,16.437002435093746,744.921875,10494,5000
644,mixed,e1004,5000,77.11769390106201,23.981520580531516,208.49386856891215,18.45175106707029,703.2265625,10739,5000
645,taupair,e1004,5000,25.037714958190918,54.30155660119315,92.0783917249646,8.538234506966546,458.328125,7206,5000
646,uubar,e1004,5000,42.21614456176758,31.836546237308752,157.05221171700396,11.309506407007575,462.46484375,10904,5000
647,ccbar,e1004,5000,57.32780647277832,44.63012272835332,112.03195721493103,9.256787644000724,593.734375,12031,5000
648,charged,e1004,5000,76.43703365325928,34.339345816118495,145.60556938895024,11.130534232128412,621.71875,10611,5000
649,mixed,e1004,5000,76.99590301513672,44.15490411277671,113.23770485899877,8.42174295699806,658.69921875,10721,5000
650,taupair,e1004,5000,24.970885276794434,104.9298191096978,47.65089697498479,3.753404112998396,476.14453125,7317,5000
651,uubar,e1004,5000,42.906880378723145,71.57256441928689,69.85917076701298,5.202409213001374,592.80859375,11003,5000
652,ccbar,e1004,5000,57.328036308288574,57.84968948134139,86.43088743998669,6.8949795170046855,727.4375,12183,5000
653,charged,e1004,5000,76.50655174255371,24.67234670954167,202.65603669011034,18.77705767704174,676.2109375,10462,5000
654,mixed,e1004,5000,77.07828903198242,33.73288087838042,148.22333194804378,11.067474221112207,607.90234375,10593,5000
655,taupair,e1004,5000,25.006930351257324,57.06174123589824,87.62438530099462,6.091352316987468,465.6328125,7284,5000
656,uubar,e1004,5000,42.1399450302124,40.287368616244386,124.10837867390364,9.926540342858061,541.5078125,11001,5000
657,ccbar,e1004,5000,57.538371086120605,44.92517898547169,111.29616203904152,8.60197913297452,602.80078125,12114,5000
658,charged,e1004,5000,76.39696502685547,23.895978777538996,209.24022600403987,17.916485199006274,647.87109375,10511,5000
659,mixed,e1004,5000,77.11158561706543,24.80969737125051,201.53409875099896,15.594571791996714,631.45703125,10490,5000
660,taupair,e1004,5000,25.0277681350708,51.90055946347829,96.33807519008406,9.625592636177316,455.33203125,7329,5000
661,uubar,e1004,5000,42.39163017272949,46.05809989837052,108.55853825999657,8.222231241001282,619.18359375,11146,5000
662,ccbar,e1004,5000,57.44223976135254,34.47850331925526,145.01789575093426,16.53357592294924,697.84375,11954,5000
663,charged,e1004,5000,76.79997062683105,27.306041888357797,183.10965831088834,17.38030569604598,649.796875,10599,5000
664,mixed,e1004,5000,77.09385013580322,26.054738675386872,191.9036710478831,19.091770719038323,606.8359375,10425,5000
665,taupair,e1004,5000,25.10184097290039,84.63467061073658,59.077443840913475,4.140590852126479,454.78515625,7312,5000
666,uubar,e1004,5000,42.40345478057861,55.32463545174911,90.37565198889934,7.39881474012509,490.07421875,11093,5000
667,ccbar,e1004,5000,57.50401782989502,31.0937631730509,160.80395197495818,14.0729194059968,657.0703125,11991,5000
668,charged,e1004,5000,76.51700019836426,35.18184829878897,142.1187413900625,11.217164823086932,617.71484375,10645,5000
669,mixed,e1004,5000,77.01417064666748,35.14840532404655,142.2539644089993,11.170464509865269,616.8359375,10605,5000
670,taupair,e1004,5000,24.973840713500977,77.10016226136904,64.85070657893084,4.679364415118471,447.765625,7326,5000
671,uubar,e1004,5000,42.515536308288574,58.02106577408905,86.17559731611982,6.658053358783945,513.94140625,11055,5000
672,ccbar,e1004,5000,57.31976318359375,45.193871452613735,110.63446965906769,8.767746721860021,621.71875,11771,5000
673,charged,e1004,5000,76.73670959472656,24.193034564346753,206.67105594799978,15.138676016000318,660.97265625,10560,5000
674,mixed,e1004,5000,77.11834526062012,24.2317392228837,206.34094622800148,15.318240304999563,644.9921875,10750,5000
675,taupair,e1004,5000,24.924264907836914,53.46645966806984,93.5165715299081,7.389459177153185,476.57421875,7116,5000
676,uubar,e1004,5000,42.53439903259277,29.13109962441439,171.63787376599976,11.87791679500151,552.78125,11202,5000
677,ccbar,e1004,5000,57.50658321380615,22.916090267290382,218.18730602300093,15.736818188999678,611.7734375,12041,5000
678,charged,e1004,5000,76.37041664123535,28.160133377450975,177.55597720299556,14.517182224997669,689.2421875,10538,5000
679,mixed,e1004,5000,76.97734832763672,34.28347895362682,145.84284187620506,10.392873110016808,806.76171875,10663,5000
680,taupair,e1004,5000,24.90409278869629,80.56230089526579,62.06376859196462,4.586289020022377,434.10546875,7338,5000
681,uubar,e1004,5000,42.87602424621582,58.53703202019544,85.41601491300389,6.335460091941059,534.953125,11148,5000
682,ccbar,e1004,5000,57.42080116271973,44.773503931505374,111.67318974295631,9.446152355056256,624.92578125,12129,5000
683,charged,e1004,5000,76.71964168548584,22.46599342138149,222.5585980649921,19.928474360029213,744.89453125,10608,5000
684,mixed,e1004,5000,77.28473472595215,17.47516153726817,286.1203880339999,18.44936607800082,651.26171875,10525,5000
685,taupair,e1004,5000,25.123948097229004,43.20659438487125,115.723075868038,8.142422427015845,481.18359375,7338,5000
686,uubar,e1004,5000,42.59016132354736,28.758171445402976,173.86362723000093,12.581721877999371,535.76953125,11071,5000
687,ccbar,e1004,5000,57.557419776916504,42.71993554985701,117.04137507802807,9.538346026092768,596.1171875,12025,5000
688,charged,e1004,5000,76.693359375,22.961238204494315,217.75829140700807,14.66716370198992,637.62109375,10651,5000
689,mixed,e1004,5000,76.90809154510498,24.226264993021964,206.38757156500105,14.621060723000483,638.1875,10513,5000
690,taupair,e1004,5000,24.982620239257812,56.62636841833748,88.29808690999926,5.856730171999516,475.4921875,7171,5000
691,uubar,e1004,5000,42.6359748840332,20.289834103620215,246.4288261039983,15.892167807000078,535.36328125,10982,5000
692,ccbar,e1004,5000,57.30588150024414,31.677631289089884,157.84008451800037,11.716902680998828,634.53515625,11940,5000
693,charged,e1004,5000,76.49311351776123,23.15428834350765,215.94271980300255,14.590013782988535,676.55859375,10598,5000
694,mixed,e1004,5000,76.97375869750977,12.526753962601735,399.1457016659988,25.032569691999015,618.30078125,10366,5000
695,taupair,e1004,5000,25.121437072753906,59.07454771642147,84.63881981799932,5.713575833000505,482.41796875,7263,5000
696,uubar,e1004,5000,42.67456817626953,56.12847053029978,89.0813512778841,6.782814905047417,500.16015625,10956,5000
697,ccbar,e1004,5000,57.20997142791748,29.056030557930995,172.08131682100066,11.868880145993899,612.37890625,12091,5000
698,charged,e1004,5000,76.83879089355469,12.68680968593747,394.11011308399975,25.765582596000968,635.4765625,10434,5000
699,mixed,e1004,5000,77.47200679779053,24.79014306078974,201.6930675929998,15.64863743999922,731.84765625,10624,5000
700,taupair,e1004,5000,25.03270721435547,56.14339167514973,89.05767626099987,5.726647655999841,495.9375,7391,5000
701,uubar,e1004,5000,42.1915397644043,21.264128838307514,235.13777771099922,15.470064850000199,539.18359375,10980,5000
702,ccbar,e1004,5000,57.67245388031006,28.724767508612086,174.0658126650087,11.55182009699638,568.31640625,12215,5000
703,charged,e1004,5000,76.74728870391846,24.914759920436296,200.68425367000054,15.574801444001423,639.10546875,10417,5000
704,mixed,e1004,5000,76.80382442474365,24.497855076303217,204.0995011369996,14.716876534999756,662.06640625,10746,5000
705,taupair,e1004,5000,25.092744827270508,30.886232535782085,161.88442517899966,10.198376765998546,488.86328125,7336,5000
706,uubar,e1004,5000,42.34572982788086,35.35213870137844,141.4341588279931,8.919434693001676,524.87109375,11063,5000
707,ccbar,e1004,5000,57.290846824645996,32.11966964157564,155.66785262099984,12.006668026000625,670.24609375,11889,5000
708,charged,e1004,5000,76.41224193572998,24.361389247459332,205.24281062999944,14.516789702998722,661.6796875,10730,5000
709,mixed,e1004,5000,76.7828016281128,12.628416070425944,395.9324726169998,26.978803770000013,639.5078125,10571,5000
710,taupair,e1004,5000,25.02712917327881,49.069047156183736,101.8972303269984,5.82142814398685,485.26171875,7261,5000
711,uubar,e1004,5000,42.33446025848389,43.65203699989919,114.54219192592427,9.412296051159501,530.8359375,11218,5000
712,ccbar,e1004,5000,57.29148483276367,45.79400785679808,109.18459060485475,8.900223223958164,591.02734375,12122,5000
713,charged,e1004,5000,76.46988773345947,23.981770588693788,208.4916950359475,19.46340684592724,665.21484375,10365,5000
714,mixed,e1004,5000,77.07852554321289,17.846852140450732,280.1614514790126,20.506631418014877,718.28515625,10598,5000
715,taupair,e1004,5000,24.9326114654541,79.6222143318887,62.79654543590732,4.564797751838341,441.59765625,7185,5000
716,uubar,e1004,5000,42.50053310394287,34.74701624181624,143.89724761410616,10.958352726185694,574.94921875,10963,5000
717,ccbar,e1004,5000,57.503458976745605,42.48451999325463,117.68992566689849,9.582083825021982,650.8671875,12098,5000
718,charged,e1004,5000,76.56533145904541,19.945720638701452,250.68033843301237,17.38936074101366,559.75390625,10735,5000
719,mixed,e1004,5000,77.21748542785645,26.26626888068753,190.35821275995113,13.30507266591303,553.90234375,10501,5000
720,taupair,e1004,5000,24.995880126953125,77.90412355454204,64.18145499704406,4.65143038588576,444.1015625,7184,5000
721,uubar,e1004,5000,42.73291301727295,51.50723521593334,97.0737407868728,8.362759907031432,501.8828125,11246,5000
722,ccbar,e1004,5000,57.38175106048584,32.30734773407895,154.76355537306517,14.240060013020411,636.70703125,11949,5000
723,charged,e1004,5000,76.56609439849854,22.768422658899002,219.60238857590593,19.32763684587553,724.72265625,10629,5000
724,mixed,e1004,5000,77.13767337799072,24.91188412545891,200.70742039499964,14.437278516999868,718.05078125,10547,5000
725,taupair,e1004,5000,24.762941360473633,59.731018879407216,83.708600553,5.854848154000138,492.625,7160,5000
726,uubar,e1004,5000,42.342535972595215,39.725893448623324,125.86249334999593,9.398599002000992,535.99609375,11151,5000
727,ccbar,e1004,5000,57.49303340911865,31.48222334031141,158.8197868349962,12.490823457002989,727.71484375,11781,5000
728,charged,e1004,5000,76.32668685913086,24.589669334793793,203.33742320500096,14.9977604529995,649.07421875,10716,5000
729,mixed,e1004,5000,76.98537826538086,17.974170994595966,278.1769463249948,19.19537458202103,815.4765625,10552,5000
730,taupair,e1004,5000,25.039895057678223,42.39746419936998,117.93158139099978,7.745934548998775,468.6015625,7423,5000
731,uubar,e1004,5000,42.36743354797363,35.85802393354694,139.43880480603548,11.482654343999457,578.35546875,10846,5000
732,ccbar,e1004,5000,57.31378364562988,32.38085122091946,154.41224709898233,16.333477769047022,732.78125,11908,5000
733,charged,e1004,5000,76.56814575195312,22.33567050529723,223.8571704759961,18.84086016198853,679.8046875,10476,5000
734,mixed,e1004,5000,77.03962230682373,24.783216050811145,201.74944162811153,16.943432576023042,601.46875,10536,5000
735,taupair,e1004,5000,24.956439971923828,77.82300678395013,64.24835285381414,4.396529966033995,438.5703125,7246,5000
736,uubar,e1004,5000,42.788658142089844,52.14546460987529,95.88561608199961,7.449617548845708,512.16015625,11206,5000
737,ccbar,e1004,5000,57.388187408447266,31.739419243087536,157.53281311500177,12.397055520006688,612.38671875,12083,5000
738,charged,e1004,5000,76.66908359527588,32.19644937956848,155.29662730987184,12.614727100823075,623.859375,10607,5000
739,mixed,e1004,5000,76.80251979827881,24.457518459610228,204.4361126929998,14.399851906999174,628.48046875,10717,5000
740,taupair,e1004,5000,24.984837532043457,107.44340207687516,46.536128820851445,3.346480136970058,479.49609375,7297,5000
741,uubar,e1004,5000,42.649062156677246,48.04242591170869,104.07467785221525,7.473274200921878,476.03515625,11222,5000
742,ccbar,e1004,5000,57.57453536987305,35.70910623598224,140.02030649990775,11.992771063931286,591.90625,11949,5000
743,charged,e1004,5000,76.28005886077881,28.92113139069107,172.8839695949573,12.64352446096018,573.69921875,10593,5000
744,mixed,e1004,5000,76.90043449401855,44.4868663760613,112.39272188185714,8.69014463108033,671.59765625,10604,5000
745,taupair,e1004,5000,24.91505527496338,108.23592209232115,46.19538415106945,3.3171582180075347,477.04296875,7153,5000
746,uubar,e1004,5000,42.836894035339355,40.50438658375765,123.44341987899679,9.435511723000673,550.0546875,11216,5000
747,ccbar,e1004,5000,57.42709159851074,16.658804862117332,300.1415792659991,19.85336996300066,700.546875,12107,5000
748,charged,e1004,5000,76.61616897583008,21.826561369630614,229.0786860708613,18.022503391839564,692.8984375,10616,5000
749,mixed,e1004,5000,77.15598106384277,24.84284558394594,201.26518852699883,15.513928873999248,623.359375,10760,5000
750,taupair,e1004,5000,24.990758895874023,61.1922544450893,81.70968769399951,5.731501749000017,492.00390625,7301,5000
751,uubar,e1004,5000,42.48417377471924,40.657745659185856,122.9777971930016,9.367036266005016,552.9921875,11086,5000
752,ccbar,e1004,5000,57.45098114013672,31.865039173846146,156.91177948100085,12.490813576994697,673.703125,12012,5000
753,charged,e1004,5000,76.62348365783691,45.22849003136733,110.54978834209032,8.577717097010463,656.66796875,10603,5000
754,mixed,e1004,5000,76.93971824645996,44.48278055051639,112.40304536093026,8.47385522397235,625.27734375,10526,5000
755,taupair,e1004,5000,25.087696075439453,74.50018004693264,67.11393176298589,5.170865005115047,437.95703125,7252,5000
756,uubar,e1004,5000,42.29745864868164,55.68589729371148,89.78934062295593,6.988225454930216,499.4375,11182,5000
757,ccbar,e1004,5000,57.74088382720947,43.0357413755939,116.18249948020093,9.234091492835432,647.09765625,12040,5000
758,charged,e1004,5000,76.70707511901855,31.671504543567796,157.87061814893968,11.535682544810697,611.55078125,10683,5000
759,mixed,e1004,5000,77.01396656036377,32.79816679283216,152.44754475401714,11.531004288932309,628.6015625,10558,5000
760,taupair,e1004,5000,25.03689956665039,79.58813994101452,62.8234307738021,4.483959930948913,442.375,7354,5000
761,uubar,e1004,5000,42.342702865600586,39.91708316571047,125.25965334799548,9.163889588991879,525.74609375,11094,5000
762,ccbar,e1004,5000,57.530518531799316,37.85934854795392,132.06777696311474,9.911549418931827,554.046875,11907,5000
763,charged,e1004,5000,76.83130168914795,12.581530944334707,397.4079165819985,25.548238351999316,616.8046875,10475,5000
764,mixed,e1004,5000,76.58676433563232,24.51582167346112,203.94992534199264,15.195083290993352,663.859375,10656,5000
765,taupair,e1004,5000,24.87905788421631,59.77815035711641,83.642601354004,5.7027713309944374,475.3359375,7226,5000
766,uubar,e1004,5000,42.729251861572266,20.713544490861327,241.38794797799892,16.34655037599987,532.8046875,11028,5000
767,ccbar,e1004,5000,57.47738742828369,29.088262050604875,171.89064067497384,14.911393387010321,587.4375,11982,5000
768,charged,e1004,5000,76.74905395507812,25.27040798641091,197.85988428397104,18.214134337147698,618.21484375,10670,5000
769,mixed,e1004,5000,76.91829204559326,23.66962049521673,211.24124068699894,16.21722741900885,617.4609375,10629,5000
770,taupair,e1004,5000,25.136157035827637,70.30918585227651,71.11446305899881,4.85244936379604,391.46484375,7317,5000
771,uubar,e1004,5000,42.58673667907715,73.77007095811527,67.77816443797201,5.253711892059073,540.578125,11027,5000
772,ccbar,e1004,5000,57.43097496032715,27.956581788704426,178.84876047400758,15.661165290046483,627.4453125,11853,5000
773,charged,e1004,5000,76.58149337768555,24.865057313582952,201.08540016389452,18.02025948604569,641.6171875,10536,5000
774,mixed,e1004,5000,76.64627838134766,44.66262200042997,111.95043586898828,8.794020050001564,649.16796875,10508,5000
775,taupair,e1004,5000,25.114465713500977,76.96627952626534,64.96351429191418,4.722741104895249,466.08984375,7462,5000
776,uubar,e1004,5000,42.31666851043701,53.55317430296158,93.36514716595411,7.298207401996478,485.62109375,10979,5000
777,ccbar,e1004,5000,57.45427322387695,26.477035565640055,188.84289321606047,13.554357226006687,597.8125,12101,5000
778,charged,e1004,5000,76.56129455566406,26.40290651186053,189.37309033586644,15.760541684925556,785.3046875,10561,5000
779,mixed,e1004,5000,77.13479804992676,24.496883835137833,204.10759317999873,15.238657005000277,654.2890625,10669,5000
780,taupair,e1004,5000,24.979110717773438,55.69143616678403,89.78041049302556,6.020550885936245,471.515625,7280,5000
781,uubar,e1004,5000,42.56257629394531,53.7563332228089,93.01229641679674,7.563238796079531,536.828125,11080,5000
782,ccbar,e1004,5000,57.30924701690674,27.278600330335752,183.29386183497263,14.99424845597241,629.79296875,12029,5000
783,charged,e1004,5000,76.59219932556152,26.815841782321197,186.4569473741576,12.723699182039127,586.96875,10442,5000
784,mixed,e1004,5000,77.05615711212158,32.559454304541624,153.56522726803087,11.632982764858752,643.453125,10573,5000
785,taupair,e1004,5000,25.055206298828125,79.41703769864338,62.95878245891072,4.4283502120524645,459.80859375,7405,5000
786,uubar,e1004,5000,42.47918701171875,53.83520338435538,92.87603065790609,7.619388353079557,525.76953125,11032,5000
787,ccbar,e1004,5000,57.390334129333496,43.77526985143612,114.21974135097116,8.90037145698443,622.73046875,11919,5000
788,charged,e1004,5000,76.78164196014404,32.71981129106484,152.81261727097444,11.276834330987185,611.0859375,10607,5000
789,mixed,e1004,5000,76.81158351898193,32.64928513088486,153.14270986197516,11.890384091064334,615.62109375,10574,5000
790,taupair,e1004,5000,24.919358253479004,80.00564513162553,62.49559005210176,4.409885235130787,419.17578125,7282,5000
791,uubar,e1004,5000,42.82433605194092,54.66812576702427,91.4609734620899,6.850507089169696,530.50390625,11173,5000
792,ccbar,e1004,5000,57.69451332092285,44.1922158964293,113.14209750690497,9.11094458703883,615.13671875,12070,5000
793,charged,e1004,5000,76.78355598449707,33.10511235435531,151.0340743290726,11.614133052993566,615.203125,10464,5000
794,mixed,e1004,5000,77.5866870880127,34.17372981245168,146.31121705006808,11.517976429779083,648.48046875,10668,5000
795,taupair,e1004,5000,24.957754135131836,83.12233519578231,60.152304290095344,4.136892223963514,423.55078125,7292,5000
796,uubar,e1004,5000,42.717726707458496,53.94987361004266,92.67862305184826,7.440161209087819,535.3984375,11371,5000
797,ccbar,e1004,5000,57.33946418762207,23.608594140986384,211.78728263702942,15.502259817963932,622.48828125,12082,5000
798,charged,e1004,5000,76.61549282073975,32.96240747758294,151.68794947396964,11.726919209817424,638.453125,10448,5000
799,mixed,e1004,5000,77.16619777679443,42.72063909146898,117.03944759099977,8.693968220992247,785.9765625,10538,5000
800,taupair,e1004,5000,24.995487213134766,29.578465097802734,169.0419020549998,10.445220035999228,499.98828125,7254,5000
801,uubar,e1004,5000,42.40566158294678,20.460124746878577,244.37778663899917,15.811962297000719,526.8828125,11101,5000
802,ccbar,e1004,5000,57.49155902862549,43.424370421219706,115.14271713094786,9.477810588898137,618.19921875,12062,5000
803,charged,e1004,5000,76.49957370758057,28.76628543118563,173.81458624405786,15.175663758069277,625.94921875,10427,5000
804,mixed,e1004,5000,77.00802803039551,23.834038907568708,209.78399923699908,18.58210075017996,811.61328125,10578,5000
805,taupair,e1004,5000,24.91033363342285,105.42700251661071,47.42618001694791,3.2408866269979626,477.30078125,7310,5000
806,uubar,e1004,5000,42.37690830230713,33.05594591202601,151.2587179718539,11.202003851067275,444.40234375,11168,5000
807,ccbar,e1004,5000,57.50074291229248,58.912870051425145,84.87109855003655,6.736532061127946,627.3671875,12086,5000
808,charged,e1004,5000,76.64333248138428,32.819878696151186,152.3466934869066,12.46682524192147,664.1328125,10464,5000
809,mixed,e1004,5000,77.06348705291748,20.25752873531079,246.82181451306678,18.769455444067717,633.453125,10621,5000
810,taupair,e1004,5000,25.01619815826416,107.233407739894,46.627260155044496,3.436487166909501,459.65234375,7229,5000
811,uubar,e1004,5000,42.549492835998535,33.33367976870118,149.99844105704688,10.173119239043444,458.7265625,11107,5000
812,ccbar,e1004,5000,57.171555519104004,16.776920769579856,298.0284683150003,20.418177844001548,738.578125,12125,5000
813,charged,e1004,5000,76.71654224395752,32.58815818300614,153.4299659379758,11.484041763003916,641.05078125,10625,5000
814,mixed,e1004,5000,77.06682109832764,32.69545362592035,152.9264605778735,11.243300062138587,605.15625,10594,5000
815,taupair,e1004,5000,25.009105682373047,81.34771701715258,61.46453991997987,4.317482999060303,465.01171875,7190,5000
816,uubar,e1004,5000,42.481332778930664,53.26777400026935,93.86538284807466,7.489416023017839,546.82421875,11165,5000
817,ccbar,e1004,5000,57.507537841796875,44.00436340362542,113.62509563285857,9.182825856143609,623.30859375,11933,5000
818,charged,e1004,5000,76.46847629547119,43.62891091885786,114.60290652909316,8.59742684615776,639.68359375,10556,5000
819,mixed,e1004,5000,77.02951526641846,44.52313748115256,112.30116031505167,8.721050986787304,663.57421875,10546,5000
820,taupair,e1004,5000,25.05065631866455,77.08893273936404,64.86015336215496,4.6840616231784225,431.16015625,7282,5000
821,uubar,e1004,5000,42.82760715484619,73.20062789137718,68.30542502203025,5.286079127108678,543.19140625,11183,5000
822,ccbar,e1004,5000,57.077725410461426,44.35621776153457,112.72376799304038,9.464908262947574,596.3203125,11996,5000
823,charged,e1004,5000,76.61583137512207,20.475386222858212,244.19563790294342,18.330416650976986,560.0703125,10422,5000
824,mixed,e1004,5000,76.89279174804688,22.48255954413799,222.39460725919344,20.723771690856665,610.3671875,10609,5000
825,taupair,e1004,5000,25.05209732055664,78.18177983646845,63.953519738977775,4.706062302226201,448.7421875,7295,5000
826,uubar,e1004,5000,42.770151138305664,72.42721823885702,69.03482035594061,5.265278404112905,573.79296875,11211,5000
827,ccbar,e1004,5000,57.73801231384277,35.05141700290649,142.64758539106697,13.134543790016323,727.0859375,12046,5000
828,charged,e1004,5000,76.33274459838867,32.00419824926373,156.22950342507102,13.08909790404141,674.62890625,10734,5000
829,mixed,e1004,5000,77.00594997406006,28.014150618583486,178.48122786500608,13.060675810993416,758.17578125,10572,5000
830,taupair,e1004,5000,24.856032371520996,50.919037540993756,98.19510032911785,8.010754731018096,479.53515625,7144,5000
831,uubar,e1004,5000,42.58216381072998,38.03214862996724,131.46772349486127,11.928075331030414,542.0703125,11188,5000
832,ccbar,e1004,5000,57.30873394012451,58.7752102097329,85.0698786471039,6.935363695025444,632.6875,12019,5000
833,charged,e1004,5000,76.56093883514404,30.4764368281307,164.06117382412776,14.835723709082231,605.81640625,10592,5000
834,mixed,e1004,5000,76.98690795898438,32.154517032057214,155.4991479117889,11.558313940884545,648.9609375,10714,5000
835,taupair,e1004,5000,24.79917812347412,81.7089799902027,61.19278444792144,4.3331603510305285,435.9765625,7216,5000
836,uubar,e1004,5000,42.459123611450195,55.496858540250756,90.09518973715603,7.052216628799215,506.8046875,11046,5000
837,ccbar,e1004,5000,57.25178337097168,40.40115496764011,123.75883818184957,11.640451697865501,610.1640625,11858,5000
838,charged,e1004,5000,76.72690868377686,32.62119832025295,153.27456554211676,11.160943757975474,634.63671875,10529,5000
839,mixed,e1004,5000,77.23193168640137,30.003685587793342,166.64619369409047,14.118431522976607,711.9453125,10567,5000
840,taupair,e1004,5000,24.92414093017578,106.69242895871994,46.86368141393177,3.2982138209044933,468.35546875,7160,5000
841,uubar,e1004,5000,42.6365385055542,73.17274031759513,68.33145756600425,5.491432894952595,531.234375,11152,5000
842,ccbar,e1004,5000,57.32299613952637,25.686417263678855,194.65540673397481,12.775821950985119,538.6484375,12067,5000
843,charged,e1004,5000,76.97563743591309,32.03188970995902,156.0944435459096,12.05204362096265,639.4375,10539,5000
844,mixed,e1004,5000,77.42599201202393,21.067530094557966,237.33204497909173,17.095838307170197,526.3125,10544,5000
845,taupair,e1004,5000,25.015321731567383,72.29716699684506,69.15900314901955,4.414810384856537,439.8984375,7300,5000
846,uubar,e1004,5000,42.51346683502197,43.81496935820099,114.1162500679493,14.58708711201325,533.609375,11045,5000
847,ccbar,e1004,5000,57.52983379364014,31.28814203564488,159.804950843798,15.928006552159786,677.828125,11985,5000
848,charged,e1004,5000,76.38046073913574,21.231569269172383,235.49837209912948,19.817715278128162,769.72265625,10583,5000
849,mixed,e1004,5000,76.91131401062012,28.23185728793948,177.10489072697237,17.56204852904193,690.6171875,10534,5000
850,taupair,e1004,5000,25.11342430114746,74.71732182483933,66.91888678399846,4.605904386844486,446.84375,7262,5000
851,uubar,e1004,5000,42.180349349975586,33.184090953355685,150.67461112700403,12.672531915130094,524.16796875,10975,5000
852,ccbar,e1004,5000,57.527262687683105,29.655990742766576,168.59999867714942,13.678558395942673,687.08203125,12098,5000
853,charged,e1004,5000,76.9990587234497,23.23708049771183,215.17333042300015,15.745000612994772,623.34375,10528,5000
854,mixed,e1004,5000,77.23059368133545,23.163485461850136,215.85697921994142,16.19569878000766,655.02734375,10569,5000
855,taupair,e1004,5000,24.93328094482422,55.65134190818037,89.84509319199424,6.4228182950027985,451.953125,7114,5000
856,uubar,e1004,5000,42.18279552459717,36.63606037214754,136.47755651700027,10.228210092000154,532.77734375,11149,5000
857,ccbar,e1004,5000,57.57359504699707,30.341509759323603,164.79074507699988,12.20106993301306,623.875,12191,5000
858,charged,e1004,5000,76.87079238891602,21.616129211921024,231.30875796405599,19.274096887093037,735.08203125,10728,5000
859,mixed,e1004,5000,77.13631248474121,20.70146432089974,241.5288079380989,19.904115662910044,723.01953125,10502,5000
860,taupair,e1004,5000,25.023635864257812,48.225122008704126,103.6804012460052,7.7725165949668735,461.05859375,7204,5000
861,uubar,e1004,5000,42.78764343261719,33.23107189944511,150.4615925459657,12.383092530071735,521.26953125,11254,5000
862,ccbar,e1004,5000,57.2043981552124,30.406709480615998,164.43739179300064,12.330345739999757,669.421875,11850,5000
863,charged,e1004,5000,76.73114776611328,22.773389381226245,219.5544947789749,16.182184560981113,646.68359375,10405,5000
864,mixed,e1004,5000,77.18999671936035,22.63701814867955,220.87714765081182,15.210823240922764,756.29296875,10647,5000
865,taupair,e1004,5000,25.02268409729004,51.45184557880911,97.17824392404873,6.183832549955696,465.48828125,7312,5000
866,uubar,e1004,5000,42.457539558410645,29.313499719334377,170.5698755820049,12.154335219995119,552.51171875,11062,5000
867,ccbar,e1004,5000,57.73325061798096,27.689853051160497,180.57156138611026,16.300996355945244,715.69921875,12083,5000
868,charged,e1004,5000,76.56989002227783,21.411926382162235,233.51472028996795,19.884765474009328,691.64453125,10678,5000
869,mixed,e1004,5000,77.42195796966553,21.10399193564589,236.92200107197277,19.46840341994539,727.3125,10643,5000
870,taupair,e1004,5000,25.025766372680664,51.662859343164534,96.78132537705824,7.60299021191895,436.8984375,7246,5000
871,uubar,e1004,5000,42.45179748535156,36.0176021210996,138.8210126590002,9.367067449999013,514.875,11053,5000
872,ccbar,e1004,5000,57.663174629211426,29.176736718502887,171.36940461299673,12.79795341398858,700.1953125,12119,5000
873,charged,e1004,5000,76.64849090576172,30.33346733212143,164.8344366720412,13.808931795880198,609.5625,10426,5000
874,mixed,e1004,5000,76.89960479736328,20.768239198311754,240.75223480700515,19.290696016978472,604.8125,10698,5000
875,taupair,e1004,5000,24.88821315765381,48.36529474029454,103.37991377594881,8.006416005082428,442.546875,7374,5000
876,uubar,e1004,5000,42.627976417541504,35.18665945353164,142.09930916014127,12.02136058988981,501.6875,11091,5000
877,ccbar,e1004,5000,57.22323131561279,28.641738843532636,174.57040675199823,14.468043719010893,705.34375,11998,5000
878,charged,e1004,5000,76.84951496124268,21.87875894509442,228.5321581789758,19.16653963504359,774.625,10523,5000
879,mixed,e1004,5000,77.15923595428467,21.09902011359426,236.97782992199063,19.266136940103024,638.671875,10502,5000
880,taupair,e1004,5000,24.888590812683105,49.491857451019506,101.02671949518844,7.455571227008477,428.2421875,7348,5000
881,uubar,e1004,5000,42.27941608428955,34.29123018287775,145.80987539188936,10.647171783959493,446.73046875,11010,5000
882,ccbar,e1004,5000,57.54615116119385,28.831746718946423,173.41994741908275,15.438591812970117,689.33984375,11907,5000
883,charged,e1004,5000,76.50399875640869,34.144866849371326,146.43489523790777,11.113702865084633,652.75,10410,5000
884,mixed,e1004,5000,76.91585445404053,32.21979157983255,155.18411991000175,11.587987838080153,667.93359375,10486,5000
885,taupair,e1004,5000,24.879645347595215,102.68176998542964,48.69413529499434,3.427275379013736,459.4765625,7286,5000
886,uubar,e1004,5000,42.48366355895996,57.497507438376594,86.96029137191363,7.566644312115386,496.28125,11143,5000
887,ccbar,e1004,5000,57.376566886901855,43.23879478104965,115.63689564703964,9.897258596029133,609.9140625,11958,5000
888,charged,e1004,5000,76.59488296508789,41.79385746380252,119.63480528999935,8.596523843007162,672.109375,10543,5000
889,mixed,e1004,5000,77.18510437011719,33.87155910575694,147.61647033691406,11.102659333031625,607.62109375,10666,5000
890,taupair,e1004,5000,24.752891540527344,103.10289785908344,48.49524216898135,3.4396700450161006,471.51953125,7187,5000
891,uubar,e1004,5000,42.36616325378418,34.5153984797889,144.86287918500602,11.401207367889583,420.15625,10968,5000
892,ccbar,e1004,5000,57.30241394042969,41.21016857739263,121.32927800598554,10.694907516939566,566.77734375,11916,5000
893,charged,e1004,5000,76.55553817749023,23.79333896332069,210.14284744599718,15.032738741996582,667.66015625,10606,5000
894,mixed,e1004,5000,77.37424278259277,21.820754703267,229.13964562606998,17.74480554810725,708.265625,10443,5000
895,taupair,e1004,5000,25.023408889770508,54.74936908405498,91.32525330700446,6.5238625219790265,454.3125,7460,5000
896,uubar,e1004,5000,42.26051330566406,34.820008400629426,143.5956000490114,11.690231492975727,548.5546875,11018,5000
897,ccbar,e1004,5000,57.537193298339844,26.689520447225433,187.33944695210084,16.24096426414326,591.03515625,11964,5000
898,charged,e1004,5000,76.8201847076416,42.19547464013411,118.49611937400186,8.951971032016445,672.40234375,10582,5000
899,mixed,e1004,5000,76.73579502105713,42.875164146989945,116.61762933101272,8.765155528992182,677.15234375,10545,5000
900,taupair,e1004,5000,24.94984531402588,48.773979298963425,102.51367782300804,7.533680108026601,466.07421875,7094,5000
901,uubar,e1004,5000,42.6298942565918,70.29092018261188,71.13294273300562,5.34388488199329,550.51953125,11038,5000
902,ccbar,e1004,5000,57.37882614135742,41.37767907999429,120.83809704100713,9.907849468057975,576.16796875,12061,5000
903,charged,e1004,5000,76.90085411071777,30.592099615551543,163.44089038786478,12.668167136842385,602.58203125,10642,5000
904,mixed,e1004,5000,76.94677829742432,30.0217018750422,166.54618784808554,12.123137339018285,628.40234375,10667,5000
905,taupair,e1004,5000,25.07436466217041,54.439400589726844,91.84524344199963,6.523242269000548,487.8515625,7275,5000
906,uubar,e1004,5000,42.27869892120361,33.19924645252443,150.60582797112875,12.655289220856503,515.3984375,10831,5000
907,ccbar,e1004,5000,57.325462341308594,30.651721483386012,163.12297509000018,12.581077990000267,619.80859375,11870,5000
908,charged,e1004,5000,76.83010196685791,34.22703773208873,146.0833402860444,11.661998424911872,643.59375,10547,5000
909,mixed,e1004,5000,77.00061321258545,20.865211263273324,239.63332730787806,20.333779314067215,768.41796875,10573,5000
910,taupair,e1004,5000,24.91154384613037,45.907299141405566,108.91514189494774,8.724795944057405,434.3671875,7254,5000
911,uubar,e1004,5000,42.40241718292236,53.874138059978414,92.80890943319537,8.046943114837632,481.60546875,11160,5000
912,ccbar,e1004,5000,57.54459857940674,30.217479337194362,165.4671438410005,12.6490971930034,711.109375,11960,5000
913,charged,e1004,5000,76.67948150634766,17.998051892449343,277.80784441996366,18.653510895965155,824.66015625,10652,5000
914,mixed,e1004,5000,76.99445247650146,22.52739115062143,221.9520212779753,19.192546783946455,626.17578125,10652,5000
915,taupair,e1004,5000,24.73103427886963,56.72128330554515,88.15033279599993,6.585550593999869,479.3125,7079,5000
916,uubar,e1004,5000,42.4688606262207,72.23275124350745,69.2206777939864,5.152004495001165,591.890625,11087,5000
917,ccbar,e1004,5000,57.35606384277344,54.69434501451911,91.41712911403738,7.120365840150043,597.9296875,11943,5000
918,charged,e1004,5000,76.70505619049072,41.262669864639605,121.17490255483426,8.906843760982156,634.61328125,10691,5000
919,mixed,e1004,5000,77.20188808441162,41.73322188208665,119.80862666503526,8.857765312073752,620.98828125,10682,5000
920,taupair,e1004,5000,24.899264335632324,54.52436465463981,91.70212310900388,6.4149316789989825,476.56640625,7186,5000
921,uubar,e1004,5000,42.87037944793701,33.912269805443195,147.43926103104604,11.353355423023459,522.921875,11164,5000
922,ccbar,e1004,5000,57.202433586120605,57.59114837348148,86.81889736899757,6.871988589002285,643.6796875,12037,5000
923,charged,e1004,5000,76.24004364013672,20.667713036460793,241.92323510488495,20.2514267929364,711.3828125,10657,5000
924,mixed,e1004,5000,76.70752143859863,44.07106939951639,113.45311262301402,8.526057031005621,691.19921875,10452,5000
925,taupair,e1004,5000,25.07954692840576,83.13189917864491,60.145384015049785,4.307589636184275,436.65234375,7347,5000
926,uubar,e1004,5000,42.37666320800781,57.876497688113716,86.39085293211974,6.766861612908542,524.34765625,11118,5000
927,ccbar,e1004,5000,57.28877353668213,41.99503888477611,119.06168282683939,8.969257774064317,627.43359375,12106,5000
928,charged,e1004,5000,76.68963146209717,23.043540980378545,216.98054150000098,15.745833326000138,627.62890625,10611,5000
929,mixed,e1004,5000,76.76452350616455,22.909313805881347,218.25184474606067,15.628227490000427,623.51171875,10691,5000
930,taupair,e1004,5000,24.975513458251953,55.01956450889678,90.87676437699702,6.0253294840222225,466.8984375,7261,5000
931,uubar,e1004,5000,42.49197006225586,33.800472212642376,147.92692742706276,11.473054042086005,519.83984375,11208,5000
932,ccbar,e1004,5000,57.470876693725586,29.3133844453178,170.5705463429913,12.2457877099514,609.41796875,11964,5000
933,charged,e1004,5000,76.57517337799072,21.681904263988773,230.60705089010298,17.866977961035445,733.515625,10481,5000
934,mixed,e1004,5000,77.14963626861572,27.306795331231243,183.10460599092767,15.043723426060751,583.07421875,10533,5000
935,taupair,e1004,5000,25.134814262390137,78.05285270776636,64.05915769306011,5.124189720023423,436.25390625,7419,5000
936,uubar,e1004,5000,42.35941219329834,54.4601549050482,91.81024197814986,6.965724842855707,516.0,10897,5000
937,ccbar,e1004,5000,57.66722011566162,58.03019217361979,86.16204449298675,6.97288697300246,635.546875,12020,5000
938,charged,e1004,5000,76.68402004241943,43.33149505283033,115.3895104220137,8.811794945009751,653.78125,10602,5000
939,mixed,e1004,5000,76.97022914886475,29.204498238614836,171.2065024760086,13.47169689508155,638.34375,10727,5000
940,taupair,e1004,5000,25.03068256378174,76.92587694684586,64.99763406603597,4.761736884946004,434.96875,7274,5000
941,uubar,e1004,5000,42.33020782470703,53.02933111672901,94.28744234004989,7.2156795400660485,533.58984375,10866,5000
942,ccbar,e1004,5000,57.477288246154785,38.532000034528465,129.7622753949836,9.671887468080968,656.046875,12080,5000
943,charged,e1004,5000,76.43293952941895,21.15461396114179,236.35505753895268,19.204376084031537,612.67578125,10568,5000
944,mixed,e1004,5000,77.1223669052124,21.674045186105914,230.6906697419472,20.163426439044997,580.34765625,10559,5000
945,taupair,e1004,5000,25.165769577026367,74.6539001653093,66.97573722107336,4.89110387605615,430.93359375,7335,5000
946,uubar,e1004,5000,42.35805034637451,33.80256535084564,147.91776742693037,12.248859114013612,507.2265625,11105,5000
947,ccbar,e1004,5000,57.23407745361328,58.34702405828834,85.69417345098918,7.051736322027864,634.921875,11999,5000
948,charged,e1004,5000,76.27288436889648,21.909151412558458,228.2151374029927,17.954608862055466,719.21875,10527,5000
949,mixed,e1004,5000,76.85480308532715,41.66393466317439,120.00786868599243,9.340381058864295,585.0625,10545,5000
950,taupair,e1004,5000,24.929543495178223,77.32027568294725,64.66609121393412,4.907851897878572,444.08203125,7132,5000
951,uubar,e1004,5000,42.84347629547119,53.121427311679255,94.12397695309483,6.896524766925722,526.1640625,11187,5000
952,ccbar,e1004,5000,57.25378704071045,25.316852638315297,197.49690340389498,14.527764476835728,544.1328125,11957,5000
953,charged,e1004,5000,76.49775695800781,34.825269031480445,143.57390880398452,11.08589079300873,633.765625,10466,5000
954,mixed,e1004,5000,76.65659809112549,26.672415782989795,187.4595852389466,11.874375290004537,621.4453125,10487,5000
955,taupair,e1004,5000,25.033616065979004,52.42008376943273,95.38328900793567,7.3831382628995925,473.29296875,7355,5000
956,uubar,e1004,5000,42.415446281433105,31.91469902134395,156.66762192104943,13.45741337700747,519.5,11027,5000
957,ccbar,e1004,5000,57.507572174072266,27.81557979929431,179.7553758029826,16.012595967156813,556.37109375,12240,5000
958,charged,e1004,5000,76.8517427444458,41.77238426723938,119.6963038550166,9.500753575004637,633.73828125,10725,5000
959,mixed,e1004,5000,76.76996803283691,42.9863085084941,116.31610560399713,9.27098114398541,654.80859375,10529,5000
960,taupair,e1004,5000,25.062108993530273,83.3207124086935,60.00908844219521,4.206027851905674,438.75,7355,5000
961,uubar,e1004,5000,42.735538482666016,67.87855286313956,73.6609693209175,5.583295363932848,530.0,11227,5000
962,ccbar,e1004,5000,57.711297035217285,54.52690663544101,91.6978480629623,7.101732179988176,687.859375,12065,5000
963,charged,e1004,5000,76.75740051269531,31.80215828522272,157.22203364805318,12.14377767778933,608.4609375,10550,5000
964,mixed,e1004,5000,76.81188869476318,32.147526357383775,155.532962145051,13.221154253929853,606.1953125,10562,5000
965,taupair,e1004,5000,25.089858055114746,102.9338299015014,48.574895199999446,3.436203737015603,496.92578125,7214,5000
966,uubar,e1004,5000,42.67916202545166,53.80172469276633,92.9338237491902,7.249683202011511,511.09375,11328,5000
967,ccbar,e1004,5000,57.62868309020996,41.93925164885966,119.22005766490474,9.289335356093943,626.07421875,12004,5000
968,charged,e1004,5000,76.43467903137207,40.61439346283642,123.10906488299952,8.975746726995567,639.015625,10687,5000
969,mixed,e1004,5000,77.15899276733398,31.84751070733873,156.9981417369563,11.335610666079447,742.25,10724,5000
970,taupair,e1004,5000,25.027217864990234,78.49147012620182,63.70118933892809,4.561376617057249,444.58984375,7325,5000
971,uubar,e1004,5000,42.53376007080078,52.80209448811014,94.6932133748196,7.089018278056756,539.80859375,11040,5000
972,ccbar,e1004,5000,57.461585998535156,26.19725911292778,190.8596612510737,15.325375244021416,568.765625,12003,5000
973,charged,e1004,5000,76.67434120178223,24.89684270339946,200.8286777390167,20.703348133945838,648.70703125,10467,5000
974,mixed,e1004,5000,76.88360595703125,20.733906495048775,241.1508897849999,22.188020422006957,714.74609375,10595,5000
975,taupair,e1004,5000,24.85317039489746,50.77136381303975,98.48071086709388,8.390876563964412,447.23828125,7214,5000
976,uubar,e1004,5000,42.50253200531006,33.43079278517178,149.56271100509912,11.812387398909777,545.27734375,11139,5000
977,ccbar,e1004,5000,57.268683433532715,28.39942578171932,176.0598977750633,14.70633655693382,687.73046875,11975,5000
978,charged,e1004,5000,76.37586879730225,21.872085461014315,228.60188658791594,16.65078407502733,751.21875,10579,5000
979,mixed,e1004,5000,76.96663570404053,21.34566555814999,234.23959240713157,19.4933869689703,633.88671875,10761,5000
980,taupair,e1004,5000,25.04103183746338,70.8433515415474,70.57825316279195,5.2415864581707865,416.875,7396,5000
981,uubar,e1004,5000,42.38396644592285,52.923417583942594,94.4761360520497,7.022236120887101,504.97265625,10977,5000
982,ccbar,e1004,5000,57.120659828186035,43.849530782429795,114.02630565897562,8.979953016154468,618.54296875,12077,5000
983,charged,e1004,5000,76.6057071685791,20.183537216950874,247.72664703195915,17.933687516022474,625.13671875,10544,5000
984,mixed,e1004,5000,76.82419013977051,31.277794490697097,159.8578186670784,11.73546928493306,615.03125,10616,5000
985,taupair,e1004,5000,25.070659637451172,52.06225946673507,96.038859074004,8.057904489105567,449.1640625,7237,5000
986,uubar,e1004,5000,42.49855136871338,53.10205161607988,94.15832058899105,7.460410573054105,577.91015625,11098,5000
987,ccbar,e1004,5000,57.55146408081055,53.974516719561485,92.63630883401493,7.511760936002247,594.6484375,12009,5000
988,charged,e1004,5000,76.66621398925781,20.71618815322923,241.35714365099557,20.634499912150204,676.30859375,10646,5000
989,mixed,e1004,5000,76.76282501220703,42.519921461649524,117.59193874592893,8.680134065914899,740.62890625,10635,5000
990,taupair,e1004,5000,24.955443382263184,52.238013135734214,95.71573840314522,7.0221032560803,445.21875,7268,5000
991,uubar,e1004,5000,42.33524513244629,33.6126043704506,148.75372181501007,12.310218677972443,508.515625,11174,5000
992,ccbar,e1004,5000,57.44635581970215,27.604595697137025,181.12926031800453,16.033882429997902,620.515625,12112,5000
993,charged,e1004,5000,76.68730068206787,39.98028564688004,125.06163773220032,9.28168599284254,647.5234375,10429,5000
994,mixed,e1004,5000,76.77406120300293,23.19029315141526,215.60745124495588,19.52971836994402,647.390625,10547,5000
995,taupair,e1004,5000,24.915666580200195,50.89468576880117,98.2420841090061,7.658246408012928,473.74609375,7389,5000
996,uubar,e1004,5000,42.47123336791992,68.62254573596032,72.86235079704784,5.794927323935553,478.43359375,10957,5000
997,ccbar,e1004,5000,57.75481414794922,54.63801179782341,91.51138256094418,7.416361412964761,603.91015625,12186,5000
998,charged,e1004,5000,76.56874370574951,40.986929858945544,121.99010799801908,9.3404687049333,647.796875,10435,5000
999,mixed,e1004,5000,77.26026821136475,32.825366804212294,152.32122248085216,11.995538672199473,619.26171875,10765,5000
1000,taupair,e1004,5000,24.965567588806152,78.02120273866753,64.0851438390091,4.645779320038855,438.60546875,7262,5000
1001,uubar,e1004,5000,42.770602226257324,52.89833324671076,94.52093654219061,8.083320991136134,529.33203125,11116,5000
1002,ccbar,e1004,5000,57.60208702087402,45.26193598723134,110.46809843508527,8.758148371009156,588.4375,11990,5000
1003,charged,e1004,5000,76.36616802215576,32.552012351532,153.60033493489027,11.541286491788924,671.46875,10574,5000
1004,mixed,e1004,5000,76.94826889038086,32.093272839661,155.79588984209113,12.33458151598461,703.45703125,10626,5000
1005,taupair,e1004,5000,25.02903461456299,55.275615468436904,90.45579967997037,9.792172980960459,471.3125,7254,5000
1006,uubar,e1004,5000,42.41518306732178,34.02353911159191,146.95708120195195,13.087637285003439,533.8515625,11065,5000
1007,ccbar,e1004,5000,57.5513391494751,41.2902280419457,121.09402725799009,9.498409779043868,620.04296875,11889,5000
1008,charged,e1004,5000,76.50106716156006,42.72503640405583,117.02740174904466,8.698018769035116,604.33984375,10592,5000
1009,mixed,e1004,5000,76.95545101165771,26.776009910467664,186.73431989003439,12.947520292946137,719.78125,10472,5000
1010,taupair,e1004,5000,24.898988723754883,66.02409256890903,75.72993138499442,5.66592534299707,482.6953125,7218,5000
1011,uubar,e1004,5000,42.8149471282959,29.170657735217265,171.40511692897417,12.036878848040942,518.88671875,11251,5000
1012,ccbar,e1004,5000,57.68354892730713,16.180810650355294,309.00800386599985,21.180374450999807,730.94140625,11971,5000
1013,charged,e1004,5000,76.95976257324219,38.77959684838549,128.93377977982163,9.453738908981904,594.44921875,10520,5000
1014,mixed,e1004,5000,77.33124732971191,42.71469601091779,117.05573179596104,8.587710252031684,716.16796875,10682,5000
1015,taupair,e1004,5000,24.892562866210938,100.59000802224917,49.70672632707283,3.7204809018876404,444.6171875,7367,5000
1016,uubar,e1004,5000,42.58182716369629,68.74465143916498,72.73293114919215,5.445065381936729,511.45703125,11051,5000
1017,ccbar,e1004,5000,57.648983001708984,55.35745238427795,90.32207561307587,7.132712510880083,605.9921875,11971,5000
1018,charged,e1004,5000,76.85117721557617,21.011014421474535,237.9704234979581,18.861203878885135,732.046875,10682,5000
1019,mixed,e1004,5000,76.7057991027832,28.908549470540727,172.95921419700608,12.350777829997241,555.046875,10514,5000
1020,taupair,e1004,5000,25.16293239593506,97.83943237469174,51.104139493079856,3.5281968128401786,438.2109375,7165,5000
1021,uubar,e1004,5000,42.49749946594238,33.33235142737235,150.00441870698705,10.237399760168046,448.06640625,11220,5000
1022,ccbar,e1004,5000,57.4286413192749,54.04682218843409,92.51237718597986,7.294541998067871,618.86328125,12050,5000
1023,charged,e1004,5000,76.49312973022461,20.45343405732289,244.45772704901174,18.87606201809831,700.3828125,10435,5000
1024,mixed,e1004,5000,77.09936237335205,21.37915980030291,233.87261457904242,20.098610790912062,656.08203125,10554,5000
1025,taupair,e1004,5000,25.094117164611816,49.534108490045305,100.94054687599419,8.821442921005655,493.140625,7248,5000
1026,uubar,e1004,5000,42.48591709136963,49.977785336184574,100.04444907605648,8.208102433942258,492.54296875,11081,5000
1027,ccbar,e1004,5000,57.42871856689453,56.35008256727887,88.73101461795159,6.8524786699563265,590.0390625,12138,5000
1028,charged,e1004,5000,76.48963451385498,28.850516192567845,173.30712444195524,12.514114791993052,606.08203125,10377,5000
1029,mixed,e1004,5000,77.41800022125244,31.65608971043814,157.94749274896458,13.044134670170024,614.16796875,10426,5000
1030,taupair,e1004,5000,24.972999572753906,92.73013522164624,53.91990411799634,3.8272542869963218,448.1328125,7235,5000
1031,uubar,e1004,5000,42.48935413360596,43.812075236705454,114.12378831603564,9.754516683984548,503.94921875,11043,5000
1032,ccbar,e1004,5000,57.614129066467285,27.026682107405684,185.0023610049393,16.584198253927752,584.66796875,12009,5000
1033,charged,e1004,5000,76.71090126037598,20.92772806203932,238.91747757700796,23.988311616994906,625.37890625,10554,5000
1034,mixed,e1004,5000,76.75561141967773,39.049137121090965,128.04380246598157,9.494029205990955,608.1796875,10685,5000
1035,taupair,e1004,5000,24.985132217407227,75.39684844674132,66.31576919998042,4.9763469360768795,415.4453125,7259,5000
1036,uubar,e1004,5000,42.82740879058838,52.51418145168973,95.2123761959374,7.754560681991279,498.16015625,11242,5000
1037,ccbar,e1004,5000,57.499969482421875,56.89583536069481,87.87989434204064,6.971407992998138,611.0078125,12070,5000
1038,charged,e1004,5000,76.74417972564697,42.55558548765762,117.49338994408026,8.785249610198662,628.88671875,10539,5000
1039,mixed,e1004,5000,77.07250308990479,42.87630740292992,116.61451983288862,8.859508009860292,636.703125,10438,5000
1040,taupair,e1004,5000,25.069437980651855,48.685700624484475,102.69955933396704,7.571141673950478,367.23046875,7254,5000
1041,uubar,e1004,5000,42.309346199035645,71.04873629873674,70.37422845885158,5.422209338052198,521.60546875,10885,5000
1042,ccbar,e1004,5000,57.6846809387207,36.64266154982764,136.45297007699264,10.70385628400254,612.83984375,11968,5000
1043,charged,e1004,5000,76.48738193511963,25.07586390605061,199.39492488605902,21.219836935866624,662.28515625,10764,5000
1044,mixed,e1004,5000,77.15338325500488,43.35039162392272,115.33921177405864,8.96172390296124,693.53515625,10495,5000
1045,taupair,e1004,5000,24.966449737548828,49.70240489837343,100.59875392797403,7.6691146200173534,480.07421875,7361,5000
1046,uubar,e1004,5000,42.61894702911377,34.00844185669071,147.02231937204488,10.67591088404879,532.78125,10905,5000
1047,ccbar,e1004,5000,57.58075714111328,52.80055603997917,94.69597244798206,7.511439544003224,632.11328125,11981,5000
1048,charged,e1004,5000,76.4009199142456,21.84414156797827,228.8943231960002,19.523697147000348,740.71484375,10537,5000
1049,mixed,e1004,5000,76.60601902008057,26.17376840371397,191.0309559891466,19.024730422068387,609.96484375,10589,5000
1050,taupair,e1004,5000,24.871990203857422,105.61183651391318,47.34317823685706,3.281719882041216,437.37109375,7337,5000
1051,uubar,e1004,5000,42.86143493652344,70.9109542395255,70.51096764416434,5.5246840519830585,496.32421875,11145,5000
1052,ccbar,e1004,5000,57.6843376159668,56.68065776817029,88.21351404301822,7.244508845033124,618.890625,11939,5000
1053,charged,e1004,5000,76.54146671295166,42.026993904216226,118.97115485812537,9.559508129023015,702.3671875,10513,5000
1054,mixed,e1004,5000,76.85436916351318,42.2510916665143,118.34013756294735,9.806774854892865,714.73046875,10478,5000
1055,taupair,e1004,5000,25.090521812438965,103.69265114059964,48.219424857990816,3.359623256837949,454.42578125,7305,5000
1056,uubar,e1004,5000,42.20944881439209,35.527393129342094,140.73647288999928,11.965472276002401,549.65625,10870,5000
1057,ccbar,e1004,5000,57.53438758850098,27.98673540276841,178.65606431200285,15.48060035900562,538.2734375,12171,5000
1058,charged,e1004,5000,76.55564022064209,32.18506547259424,155.3515559649095,11.826906292000785,630.94140625,10721,5000
1059,mixed,e1004,5000,77.10681247711182,42.25855362782941,118.31924121291377,9.953708329005167,664.28515625,10544,5000
1060,taupair,e1004,5000,24.791287422180176,47.42594915648334,105.42751571512781,6.3683614931069314,368.609375,7203,5000
1061,uubar,e1004,5000,42.34409809112549,54.195797488581434,92.25807593390346,7.0613677110522985,524.6640625,11003,5000
1062,ccbar,e1004,5000,57.35956001281738,29.027364049744644,172.2512588959653,15.060000194003806,625.94140625,12187,5000
1063,charged,e1004,5000,76.91313648223877,41.73812979095518,119.79453859198838,9.04062309418805,648.0,10552,5000
1064,mixed,e1004,5000,76.89073085784912,17.857459689739063,279.9950321530341,19.299184778996278,720.6953125,10589,5000
1065,taupair,e1004,5000,24.924184799194336,64.98300605748169,76.94319335700129,5.331735507003032,476.6875,7358,5000
1066,uubar,e1004,5000,42.230380058288574,34.16956326229592,146.32905786996707,12.933134987019002,493.91796875,10955,5000
1067,ccbar,e1004,5000,57.54387664794922,31.106330246006184,160.7389865810983,11.913000785047188,617.6328125,11850,5000
1068,charged,e1004,5000,76.33483505249023,23.914282785018337,209.0800734000004,15.24375554100152,641.80078125,10636,5000
1069,mixed,e1004,5000,76.67279720306396,23.561927564147606,212.2067469389949,15.050083153000742,628.359375,10744,5000
1070,taupair,e1004,5000,24.918505668640137,59.4552078980161,84.096922318,6.215843333000521,479.43359375,7309,5000
1071,uubar,e1004,5000,42.323286056518555,33.98205008313141,147.13650258793496,11.384017430944368,571.05078125,11093,5000
1072,ccbar,e1004,5000,57.31250762939453,29.730437982283885,168.17781167500652,13.604148000013083,693.4375,12013,5000
1073,charged,e1004,5000,76.53719425201416,21.901973731107596,228.28992772000493,19.47909380000783,735.55859375,10626,5000
1074,mixed,e1004,5000,77.17776107788086,20.89068855328578,239.34108190098777,18.57636539102532,715.02734375,10568,5000
1075,taupair,e1004,5000,25.052165985107422,52.28871270762227,95.62293162499554,6.805416819872335,445.3046875,7152,5000
1076,uubar,e1004,5000,42.257179260253906,35.337492035703626,141.4927803860046,12.285074134008028,542.4921875,10844,5000
1077,ccbar,e1004,5000,57.432220458984375,27.254160412320765,183.4582289219834,17.292752848006785,631.4921875,11979,5000
1078,charged,e1004,5000,76.58790969848633,20.71366742359983,241.38651537406258,18.707260302035138,665.5625,10557,5000
1079,mixed,e1004,5000,77.63563632965088,40.61016934308672,123.12187023300794,9.417743553989567,676.75,10575,5000
1080,taupair,e1004,5000,24.887322425842285,97.50820185207547,51.277737718774006,3.511519867926836,428.6484375,7329,5000
1081,uubar,e1004,5000,42.47169017791748,45.387215739437444,110.16317962098401,8.529356839950196,518.3359375,10750,5000
1082,ccbar,e1004,5000,57.78861713409424,54.00002028520739,92.59255781001411,7.075300227152184,624.4296875,11949,5000
1083,charged,e1004,5000,76.6499490737915,32.291979481544665,154.83720974298194,11.883580654859543,625.76953125,10591,5000
1084,mixed,e1004,5000,77.17797470092773,28.6631811945075,174.43981413193978,12.871380236931145,534.1015625,10719,5000
1085,taupair,e1004,5000,24.850908279418945,78.77983080721543,63.46802155789919,4.221843625884503,443.53515625,7257,5000
1086,uubar,e1004,5000,42.356327056884766,52.32613123439676,95.55455146497115,6.906126908026636,504.328125,10993,5000
1087,ccbar,e1004,5000,57.123741149902344,36.185112075720006,138.17837539198808,9.841566249029711,593.1640625,12052,5000
1088,charged,e1004,5000,76.45065879821777,27.96808294789042,178.77521349303424,14.78336080815643,600.34375,10729,5000
1089,mixed,e1004,5000,76.95626068115234,20.004427966273987,249.94466267316602,20.850136331981048,599.890625,10536,5000
1090,taupair,e1004,5000,25.119922637939453,67.11989490155922,74.49356122105382,4.831920890137553,406.8203125,7193,5000
1091,uubar,e1004,5000,42.38917922973633,56.78402912126664,88.05292751104571,6.074306657072157,494.17578125,10939,5000
1092,ccbar,e1004,5000,57.37880611419678,44.29814493584228,112.87154365587048,8.562421987066045,624.5703125,12070,5000
1093,charged,e1004,5000,76.76870632171631,33.9519078451342,147.26712922309525,11.117926600854844,638.23046875,10590,5000
1094,mixed,e1004,5000,76.93586158752441,41.04717537817275,121.81106139300391,9.236174415098503,624.23046875,10541,5000
1095,taupair,e1004,5000,24.988676071166992,46.92749375460624,106.5473478329368,11.118118630023673,446.47265625,7286,5000
1096,uubar,e1004,5000,42.6607666015625,45.55143252996365,109.76603198397788,8.145176186983008,537.06640625,11127,5000
1097,ccbar,e1004,5000,57.82244873046875,31.414645544056576,159.16143293700043,12.387584571999469,620.79296875,12203,5000
1098,charged,e1004,5000,76.74543762207031,22.9595453739962,217.77434694604017,18.513752441853285,608.14453125,10459,5000
1099,mixed,e1004,5000,77.1042070388794,28.650659999669493,174.51604954502545,12.159418031806126,729.18359375,10555,5000
1100,taupair,e1004,5000,25.114819526672363,99.98629463467402,50.006853621976916,3.629764207988046,469.40625,7353,5000
1101,uubar,e1004,5000,42.37467002868652,33.35667131131472,149.89505257690325,12.24155612802133,507.12890625,11095,5000
1102,ccbar,e1004,5000,57.57861614227295,54.244728578819036,92.17485516099259,6.785734567092732,612.59375,11934,5000
1103,charged,e1004,5000,76.29825973510742,33.06639840475954,151.21090415702201,11.68420800101012,618.51171875,10637,5000
1104,mixed,e1004,5000,77.22338676452637,40.930471406808124,122.15837805299088,8.777981552062556,631.8515625,10520,5000
1105,taupair,e1004,5000,24.85527229309082,68.2659543210183,73.2429517719429,5.367417691042647,423.52734375,7256,5000
1106,uubar,e1004,5000,42.59882736206055,69.18330942462869,72.27176672499627,5.383601766981883,540.3046875,11103,5000
1107,ccbar,e1004,5000,57.44389533996582,40.70540425477354,122.83381264819764,10.625828609103337,592.4140625,11833,5000
1108,charged,e1004,5000,76.43480682373047,42.21876305721706,118.43075537821278,8.840740673011169,702.71875,10691,5000
1109,mixed,e1004,5000,77.20827960968018,27.202774463354068,183.80478089599637,13.532307567977114,818.96875,10458,5000
1110,taupair,e1004,5000,24.903749465942383,79.47253243399273,62.91481908108108,4.587881083134562,461.234375,7232,5000
1111,uubar,e1004,5000,42.736735343933105,29.294746138665936,170.67906908401346,11.938349522999488,519.69921875,11199,5000
1112,ccbar,e1004,5000,57.42191505432129,56.43746541254104,88.5936312598642,6.767711326945573,649.859375,11975,5000
1113,charged,e1004,5000,76.69916152954102,24.84703207931401,201.2312772020232,21.679788283072412,620.98046875,10414,5000
1114,taupair,e1004,5000,24.9833345413208,29.54468937705235,169.23515208400022,10.642227683998499,446.08203125,7325,5000
1115,uubar,e1004,5000,42.04428291320801,47.92503206178306,104.3296119980514,7.931769162882119,456.84375,11081,5000
1116,ccbar,e1004,5000,57.385457038879395,28.189369672657637,177.37182697099342,15.900969049995183,570.90625,12030,5000
1117,charged,e1004,5000,76.72914791107178,44.080946351415584,113.42769186804071,8.502180200070143,703.93359375,10588,5000
1118,taupair,e1004,5000,24.997197151184082,49.40347099117446,101.20746376086026,7.636698608053848,427.8828125,7292,5000
1119,uubar,e1004,5000,42.41206359863281,33.46142122066652,149.42581090703607,12.10506793181412,538.09765625,11056,5000
1120,ccbar,e1004,5000,57.52020454406738,48.789855517606306,102.48031987296417,7.514091526158154,666.38671875,11982,5000
1121,charged,e1004,5000,76.58549785614014,24.45474574017311,204.4592919969,14.633399073965847,625.69921875,10675,5000
1122,taupair,e1004,5000,25.090153694152832,103.15972399893604,48.46852828000556,3.3380894679867197,491.5078125,7404,5000
1123,uubar,e1004,5000,42.54536819458008,34.57373786799357,144.61843897499784,11.757015215000138,561.08984375,10932,5000
1124,ccbar,e1004,5000,57.405168533325195,54.31892882006576,92.04894331702963,7.181522923987359,631.546875,11944,5000
1125,charged,e1004,5000,76.5349817276001,23.335754062783593,214.26348540303297,18.644337393110618,612.01953125,10517,5000
1126,taupair,e1004,5000,25.08084011077881,105.66478255676739,47.31945572607219,3.265909814974293,482.3046875,7548,5000
1127,uubar,e1004,5000,42.650343894958496,62.38610923292395,80.146046315087,5.378950563026592,557.671875,11056,5000
1128,ccbar,e1004,5000,57.29300022125244,27.024959226869466,185.0141551750712,13.663714624010026,537.0625,11925,5000
1129,charged,e1004,5000,76.59261989593506,44.233565586034665,113.03633188409731,8.558514700038359,676.0390625,10722,5000
1130,taupair,e1004,5000,25.1254940032959,85.88630056151659,58.21650213492103,3.605112895835191,435.95703125,7249,5000
1131,uubar,e1004,5000,42.71602439880371,31.496901876534547,158.74577187304385,11.646160844014958,434.3203125,11165,5000
1132,ccbar,e1004,5000,57.474059104919434,43.97464904981517,113.70187387592159,8.19447885081172,630.46875,12079,5000
1133,charged,e1004,5000,76.75395679473877,21.376386643339,233.90295485500246,19.163752091117203,700.90234375,10624,5000
1134,taupair,e1004,5000,25.04619312286377,104.6564509117584,47.77536364400294,3.461368792981375,473.8515625,7302,5000
1135,uubar,e1004,5000,42.37569808959961,48.975147263348155,102.09259756002575,7.050487544154748,483.88671875,11022,5000
1136,ccbar,e1004,5000,57.41066074371338,38.99273761909157,128.22900635609403,9.963540920056403,610.42578125,11967,5000
1137,charged,e1004,5000,76.45285701751709,43.59243701830976,114.6987950662151,8.63161126198247,672.421875,10667,5000
1138,taupair,e1004,5000,24.913105964660645,103.78500343117591,48.176517172018066,3.3979793009348214,448.34765625,7247,5000
1139,uubar,e1004,5000,42.732728004455566,40.58032209910185,123.21242763400005,8.749866201000259,540.65234375,11008,5000
1140,ccbar,e1004,5000,57.49218463897705,32.388056142351054,154.37789714900282,11.317545907004387,649.98046875,11956,5000
1141,charged,e1004,5000,76.59187412261963,45.0137581549321,111.07715074112639,8.814002946950495,650.2109375,10733,5000
1142,taupair,e1004,5000,24.995698928833008,51.383745778232374,97.30703599499248,7.594494053002563,462.9765625,7380,5000
1143,uubar,e1004,5000,42.66908931732178,70.41774535650045,71.0048294600565,5.425432414049283,524.11328125,11188,5000
1144,ccbar,e1004,5000,57.40746879577637,58.633426267113414,85.27558968192898,6.806782264029607,620.265625,11997,5000
1145,taupair,e1004,5000,24.996853828430176,99.46259175111051,50.27015596488491,3.496749616926536,469.7734375,7235,5000
1146,uubar,e1004,5000,42.45333290100098,69.60689499281939,71.83196435519494,5.594020863994956,516.39453125,11141,5000
1147,ccbar,e1004,5000,57.43887805938721,58.70325699786538,85.17414970998652,6.857497595017776,652.51171875,11904,5000
1148,taupair,e1004,5000,24.933321952819824,98.82760275068689,50.593152730958536,3.254276381107047,479.8125,7328,5000
1149,uubar,e1004,5000,42.45267581939697,39.663501427820236,126.06047928216867,11.418671034043655,503.71484375,11159,5000
1150,ccbar,e1004,5000,57.51879024505615,56.257153038469696,88.8775867591612,7.331246146932244,713.1015625,11901,5000
1151,taupair,e1004,5000,24.816203117370605,104.01641512829283,48.0693359200377,3.4870151919312775,448.7890625,7282,5000
1152,uubar,e1004,5000,42.30564880371094,35.502810108171424,140.83392229420133,11.752805589931086,532.6171875,11060,5000
1153,ccbar,e1004,5000,57.37923240661621,34.37966888649831,145.4347921879962,13.305864146910608,753.94921875,12106,5000
1154,taupair,e1004,5000,24.980958938598633,85.85101044947864,58.2404327429831,3.522454692982137,434.03125,7188,5000
1155,uubar,e1004,5000,42.93409252166748,70.54731004964623,70.87442450295202,5.408790638903156,520.8203125,11291,5000
1156,ccbar,e1004,5000,57.37143325805664,27.81301836932788,179.77193030994385,15.370931898942217,606.7734375,12057,5000
1157,taupair,e1004,5000,25.09803867340088,96.72496122844609,51.69296463392675,3.417977130971849,464.75390625,7268,5000
1158,uubar,e1004,5000,42.22213077545166,70.45525910784572,70.9670230911579,5.975461552850902,531.03515625,11061,5000
1159,ccbar,e1004,5000,57.46729373931885,56.39505743606123,88.66025193198584,7.0309375210199505,615.6328125,11955,5000
1160,taupair,e1004,5000,24.74307918548584,109.0640131042463,45.84463616996072,3.3055217061191797,452.53515625,7204,5000
1161,uubar,e1004,5000,42.55121994018555,29.536018652390794,169.28483350599709,12.313394942990271,512.15625,11226,5000
1162,ccbar,e1004,5000,57.45135307312012,37.59854073151853,132.98388455295935,10.626713196048513,569.51953125,11960,5000
1163,taupair,e1004,5000,24.933268547058105,71.67597223855293,69.75838406989351,4.878493296913803,426.015625,7309,5000
1164,uubar,e1004,5000,42.660006523132324,70.34575532204963,71.07749397400767,5.4171516219794285,547.45703125,11101,5000
1165,ccbar,e1004,5000,57.544339179992676,28.645749092180015,174.54596784710884,15.89261182793416,606.68359375,11925,5000
1166,taupair,e1004,5000,25.15640640258789,59.456541567530046,84.09503594017588,8.873306086985394,461.10546875,7347,5000
1167,uubar,e1004,5000,42.47257423400879,29.27076660443189,170.81889475497883,12.25102672597859,531.86328125,11174,5000
1168,ccbar,e1004,5000,57.65103816986084,32.925177485056565,151.85946992295794,14.347003131872043,570.83203125,11919,5000
1169,taupair,e1004,5000,24.89118766784668,58.468991835507744,85.51541326497681,5.88770399405621,471.7578125,7211,5000
1170,uubar,e1004,5000,42.257192611694336,40.03853448790447,124.8796956219885,9.472933141005342,466.7578125,10988,5000
1171,ccbar,e1004,5000,57.375733375549316,37.92850782810927,131.8269630500581,10.112769905012101,604.32421875,12075,5000
1172,taupair,e1004,5000,24.950870513916016,103.03972610242876,48.5249737080012,3.4408596199937165,483.48046875,7291,5000
1173,uubar,e1004,5000,42.606937408447266,47.77828354889048,104.65005497494712,8.034502283902839,484.609375,11178,5000
1174,ccbar,e1004,5000,57.43971061706543,33.95913028547807,147.23580839578062,12.987590522039682,587.6484375,11915,5000
1175,taupair,e1004,5000,24.98559856414795,63.85965310845131,78.29669841000577,5.278763498004992,468.3984375,7218,5000
1176,uubar,e1004,5000,42.12912178039551,71.05169761952948,70.37129537388682,5.412561433855444,537.63671875,11043,5000
1177,ccbar,e1004,5000,57.41833972930908,56.176295443462934,89.00551309995353,6.710522616980597,612.6796875,11943,5000
1178,taupair,e1004,5000,24.98148250579834,52.825714676130396,94.65087279281579,7.796596496133134,485.8359375,7125,5000
1179,uubar,e1004,5000,42.62509822845459,72.58902367429988,68.88093746011145,5.205265408847481,534.9921875,11075,5000
1180,ccbar,e1004,5000,57.44789123535156,58.91724310580171,84.86479910509661,6.978392807999626,737.14453125,12180,5000
1181,taupair,e1004,5000,24.94481086730957,49.47843203311924,101.05413196305744,6.749122758163139,391.22265625,7179,5000
1182,uubar,e1004,5000,42.571974754333496,69.52906336952736,71.91237387200817,5.4966416920069605,560.99609375,11260,5000
1183,ccbar,e1004,5000,57.20742416381836,25.777759754366546,193.96565285907127,13.823971051024273,577.51953125,11810,5000
1184,taupair,e1004,5000,25.12099552154541,69.1067635297855,72.35181832592934,5.191621797857806,393.48046875,7432,5000
1185,uubar,e1004,5000,42.04426574707031,42.62918668335948,117.2905323561281,14.445188262034208,527.83203125,10946,5000
1186,ccbar,e1004,5000,57.39256000518799,59.425922452523366,84.1383657779079,6.814509217161685,637.7578125,11993,5000
1187,taupair,e1004,5000,25.00198459625244,103.54588960036438,48.28776902006939,3.8118483249563724,445.48828125,7212,5000
1188,uubar,e1004,5000,42.677889823913574,39.12190938025149,127.80562296696007,11.172354951035231,540.96484375,11263,5000
1189,ccbar,e1004,5000,57.63502216339111,35.1354163051933,142.3065534948837,11.045113706961274,603.62109375,12139,5000
1190,taupair,e1004,5000,24.93857479095459,65.97240186722415,75.78926730700186,5.256641990999924,473.3515625,7318,5000
1191,uubar,e1004,5000,42.187171936035156,71.78788587373921,69.64963432401419,5.314339790027589,532.36328125,10955,5000
1192,ccbar,e1004,5000,57.573636054992676,37.78790550181765,132.31746860803105,10.791443757014349,598.09765625,11893,5000
1193,taupair,e1004,5000,25.087740898132324,108.98950856158832,45.87597527494654,3.135473985923454,466.7109375,7286,5000
1194,uubar,e1004,5000,42.86153697967529,33.017805303655436,151.43344489485025,11.625276589998975,446.046875,11087,5000
1195,ccbar,e1004,5000,57.43243885040283,57.073991441792614,87.60557784186676,6.941166209988296,673.984375,11982,5000
1196,taupair,e1004,5000,25.007190704345703,108.0306371570941,46.283166808774695,3.4622509798500687,467.97265625,7309,5000
1197,uubar,e1004,5000,42.19119739532471,41.119377493751685,121.5971715709893,8.811719903955236,536.3828125,10872,5000
1198,ccbar,e1004,5000,57.3815803527832,24.259811152037663,206.10218145,14.682784656999502,604.2734375,11967,5000
1199,taupair,e1004,5000,24.83213710784912,29.67412814417912,168.496947095,10.248639661000198,456.515625,7264,5000
1200,uubar,e1004,5000,42.3970890045166,43.81550344034857,114.11485906597227,9.407783241011202,522.234375,11242,5000
1201,ccbar,e1004,5000,57.58439064025879,26.378180045875354,189.5506055119913,15.4704269641079,523.77734375,11859,5000
1202,taupair,e1004,5000,25.06094741821289,66.63766352095503,75.03264274005778,4.996887022163719,387.2421875,7236,5000
1203,uubar,e1004,5000,42.30700969696045,39.751164153644055,125.78247974510305,11.675790903158486,538.765625,11106,5000
1204,ccbar,e1004,5000,57.70464515686035,56.165217807374766,89.023067926988,7.164008338004351,615.1015625,12130,5000
1205,taupair,e1004,5000,24.972439765930176,63.901780062056744,78.2450816729106,7.075367035111412,479.140625,7263,5000
1206,uubar,e1004,5000,42.6191520690918,42.44787925532454,117.79151485813782,8.852089612046257,542.2734375,11147,5000
1207,ccbar,e1004,5000,57.63325214385986,38.13349954352278,131.1183096189052,10.11479627317749,564.51953125,12104,5000
1208,taupair,e1004,5000,25.116585731506348,106.76629979787279,46.831256767967716,3.3038279078900814,482.03125,7238,5000
1209,uubar,e1004,5000,42.58058547973633,73.39711035816184,68.12257288605906,5.171630953904241,545.0078125,11146,5000
1210,ccbar,e1004,5000,57.43872833251953,56.94426964295503,87.80514758289792,7.147886118851602,625.66796875,12023,5000
1211,taupair,e1004,5000,24.915836334228516,58.88433239521633,84.9122304120101,6.323431232012808,459.0234375,7132,5000
1212,uubar,e1004,5000,42.653913497924805,40.47764096665665,123.52498516696505,10.281772972084582,528.1796875,11214,5000
1213,ccbar,e1004,5000,57.10626029968262,24.181550212661243,206.76920859201346,14.651922746037599,607.6875,11989,5000
1214,taupair,e1004,5000,25.0486478805542,42.846947141084726,116.69442827597959,7.88709238904994,465.59375,7300,5000
1215,uubar,e1004,5000,42.4308500289917,36.65805022510816,136.39568851306103,11.462435794062912,503.31640625,11128,5000
1216,ccbar,e1004,5000,57.36180305480957,33.636375649506014,148.64859555917792,11.449882253073156,701.88671875,12158,5000
1217,taupair,e1004,5000,24.939045906066895,62.52133339486461,79.97270257212222,8.405131604988128,467.8984375,7424,5000
1218,uubar,e1004,5000,42.03066158294678,45.032383299558404,111.0312098460272,10.17819527699612,535.69921875,10726,5000
1219,ccbar,e1004,5000,57.50431442260742,59.66418221947692,83.80237211007625,6.654886252013966,643.6171875,12066,5000
1220,taupair,e1004,5000,24.899715423583984,53.44555830687526,93.55314376717433,7.385046612937003,457.1171875,7207,5000
1221,uubar,e1004,5000,42.50435256958008,73.97617145403534,67.58933183108456,5.231882620137185,565.76953125,11120,5000
1222,ccbar,e1004,5000,57.554978370666504,35.58459996314863,140.51022085896693,14.648251001024619,698.6328125,11990,5000
1223,taupair,e1004,5000,24.83137321472168,108.04313826487173,46.27781162504107,3.2919692718423903,466.42578125,7083,5000
1224,uubar,e1004,5000,42.63043689727783,40.14291198129555,124.55498999000702,9.545283266998013,535.87890625,11101,5000
1225,ccbar,e1004,5000,57.37486267089844,36.97183719039218,135.23807254293934,10.770649434998631,565.40625,11772,5000
1226,taupair,e1004,5000,25.003653526306152,69.77708928107869,71.6567579919938,5.348733557155356,389.19921875,7300,5000
1227,uubar,e1004,5000,42.49526405334473,70.5919555157743,70.82960039097816,5.560241136001423,560.01953125,11122,5000
1228,ccbar,e1004,5000,57.50612449645996,36.014452303265884,138.83315392100485,10.760156648000702,647.171875,11977,5000
1229,taupair,e1004,5000,24.982620239257812,101.56884943656057,49.22769163711928,3.8307585360016674,473.828125,7226,5000
1230,uubar,e1004,5000,42.35068416595459,41.583296488423684,120.24058750108816,9.90755327581428,567.2734375,10959,5000
1231,ccbar,e1004,5000,57.42941093444824,56.08269303761302,89.15406392212026,6.865357413887978,684.8828125,11913,5000
1232,taupair,e1004,5000,24.95802879333496,60.87950580032908,82.1294446180109,6.673904221970588,466.21875,7183,5000
1233,uubar,e1004,5000,42.459256172180176,73.21049878639994,68.29621547297575,5.074092881055549,579.546875,11060,5000
1234,ccbar,e1004,5000,57.641414642333984,23.266950051681263,214.89709604799282,15.568167734018061,598.25,11941,5000
1235,taupair,e1004,5000,25.134028434753418,53.259469664370144,93.88001854898175,7.134513656958006,439.68359375,7477,5000
1236,uubar,e1004,5000,42.33799743652344,39.91207056444656,125.27538484695833,9.374776394106448,533.44140625,10819,5000
1237,ccbar,e1004,5000,57.44778251647949,22.822966502925734,219.07756817498012,15.28221840201877,628.01953125,11959,5000
1238,taupair,e1004,5000,24.81248188018799,48.77310116298821,102.51552353193983,7.552690090145916,441.9453125,7144,5000
1239,uubar,e1004,5000,42.510589599609375,36.08281196913814,138.57013151515275,12.001784511143342,541.19921875,11054,5000
1240,ccbar,e1004,5000,57.20892810821533,31.773754914879248,157.3625784360338,12.50768865388818,668.0625,11975,5000
1241,taupair,e1004,5000,25.02346897125244,64.24782252425426,77.82364916900406,5.559115441021277,464.1796875,7253,5000
1242,uubar,e1004,5000,42.45275115966797,40.26295594641923,124.18362940500083,9.220721646997845,521.87109375,11223,5000
1243,ccbar,e1004,5000,57.25739002227783,22.6838963440494,220.42068629499954,15.738866551000683,596.0703125,11999,5000
1244,taupair,e1004,5000,25.08237934112549,29.033478483906038,172.21498287818395,9.980870612896979,493.80078125,7176,5000
1245,uubar,e1004,5000,42.72463893890381,35.70968079152642,140.01805362501182,9.835323220991995,521.6328125,11169,5000
1246,ccbar,e1004,5000,57.42480754852295,23.47253468761067,213.01491579599679,15.187950284002,646.99609375,11952,5000
1247,taupair,e1004,5000,24.95380401611328,61.41975313380087,81.40703511307947,6.491551446029916,473.44140625,7301,5000
1248,uubar,e1004,5000,42.3521728515625,73.397496139497,68.12221483001485,5.1933466349728405,504.5,11273,5000
1249,ccbar,e1004,5000,57.516106605529785,33.20697840884552,150.5707607129989,11.856820543998765,635.3671875,12031,5000
1250,taupair,e1004,5000,25.075236320495605,27.928890685395707,179.0260865110031,10.738432453988935,451.1484375,7451,5000
1251,uubar,e1004,5000,42.53965759277344,30.1408320032222,165.88792238600035,11.491172890999223,538.23046875,11185,5000
1252,ccbar,e1004,5000,57.43062973022461,24.220192060285967,206.43932085900087,15.288006042001143,616.0546875,12013,5000
1253,taupair,e1004,5000,24.835594177246094,39.97754700186522,125.0702050270047,8.031565735931508,471.75,7295,5000
1254,uubar,e1004,5000,42.64413833618164,38.5814788660456,129.59586171800038,9.781598999994458,522.80078125,10906,5000
1255,ccbar,e1004,5000,57.48017501831055,31.6052189799075,158.20171988615766,11.91975662088953,574.96875,12101,5000
1256,taupair,e1004,5000,24.82102870941162,28.592134867235316,174.87326578504872,10.283215377945453,470.83984375,7268,5000
1257,uubar,e1004,5000,41.942002296447754,42.834382608212884,116.72865804400135,8.591028955999718,527.50390625,10835,5000
1258,ccbar,e1004,5000,57.70261001586914,32.17189467683982,155.41515506699216,12.297735936008394,602.8984375,11775,5000
1259,taupair,e1004,5000,25.0856876373291,56.931750630998515,87.82445550299963,5.7986859979992005,471.4453125,7326,5000
1260,uubar,e1004,5000,42.696533203125,65.05898816272297,76.85333174094558,6.047645221929997,499.81640625,11236,5000
1261,ccbar,e1004,5000,57.43893337249756,31.498572320973164,158.7373532060301,12.207821914984379,612.828125,12052,5000
1262,taupair,e1004,5000,24.91378688812256,40.08045849932094,124.74907192203682,7.875434376997873,471.52734375,7264,5000
1263,uubar,e1004,5000,42.34048271179199,27.63421496212132,180.93511998996837,11.931408128002658,558.4765625,10935,5000
1264,ccbar,e1004,5000,57.47141361236572,21.89688495722148,228.3429816509597,15.8830197150819,607.0859375,12042,5000
1265,taupair,e1004,5000,25.054489135742188,51.8762715450032,96.38317965203896,7.80836469004862,457.80859375,7240,5000
1266,uubar,e1004,5000,42.58265018463135,73.26751478353434,68.24306808784604,5.253538269083947,511.19921875,11067,5000
1267,ccbar,e1004,5000,57.69044494628906,34.11598306042722,146.55887216100018,11.49453568699937,616.515625,11992,5000
1268,taupair,e1004,5000,25.04087734222412,59.89429918406518,83.48039910499938,5.696833088994026,475.90234375,7178,5000
1269,uubar,e1004,5000,42.50468349456787,64.27207327041884,77.79428522498347,5.960310663096607,497.8984375,10988,5000
1270,ccbar,e1004,5000,57.49331569671631,22.310040976526565,224.11433512205258,15.507006806787103,592.55078125,11962,5000
1271,taupair,e1004,5000,24.882554054260254,55.345796014399156,90.34109833200637,5.7575690600060625,476.1796875,7219,5000
1272,uubar,e1004,5000,42.238701820373535,35.84138357985179,139.50354312802665,11.971379937138408,493.625,11024,5000
1273,ccbar,e1004,5000,57.675424575805664,31.235251325563656,160.0755488689756,12.424109300016426,661.3828125,12017,5000
1274,taupair,e1004,5000,25.008912086486816,107.08946282701831,46.68993445299566,3.2967310291714966,444.2734375,7373,5000
1275,uubar,e1004,5000,42.380080223083496,44.857934071346975,111.46300210900154,8.958598952000102,532.6875,10939,5000
1276,ccbar,e1004,5000,57.466172218322754,31.978154477098343,156.35674046108034,12.531232715002261,642.06640625,11940,5000
1277,taupair,e1004,5000,24.991634368896484,96.52356827379637,51.80082014598884,3.593879168154672,465.78125,7307,5000
1278,uubar,e1004,5000,42.383856773376465,27.846200253492874,179.55771180568263,12.057431026361883,535.25,11303,5000
1279,ccbar,e1004,5000,57.660813331604004,31.25364996433736,159.98131436505355,12.067414470016956,595.74609375,11911,5000
1280,taupair,e1004,5000,24.893596649169922,106.79240032548154,46.81981100491248,3.3060857618693262,444.4765625,7140,5000
1281,uubar,e1004,5000,42.651923179626465,65.68261032950709,76.12364939390682,5.948808494023979,536.37109375,11149,5000
1282,ccbar,e1004,5000,57.610578536987305,22.637378752487393,220.87362917186692,15.637453722767532,622.421875,11862,5000
1283,taupair,e1004,5000,24.894250869750977,106.51093451273233,46.943537045037374,3.3229154360014945,439.4296875,7293,5000
1284,uubar,e1004,5000,42.49957847595215,64.77638860859997,77.1886193009559,5.855079187080264,496.62109375,11123,5000
1285,ccbar,e1004,5000,57.273674964904785,51.598084419481886,96.90282219299115,7.821428464958444,577.5078125,11964,5000
1286,taupair,e1004,5000,25.027653694152832,94.99110586783682,52.63650690577924,3.5443374088499695,467.68359375,7217,5000
1287,uubar,e1004,5000,42.1421537399292,64.04527514096303,78.0697715638671,5.77439801604487,501.7109375,11032,5000
1288,ccbar,e1004,5000,57.32044696807861,58.61903480060521,85.2965255570598,7.0369856611359864,625.953125,12053,5000
1289,taupair,e1004,5000,25.01591396331787,104.96904976355196,47.633088146103546,3.3307189089246094,435.421875,7306,5000
1290,uubar,e1004,5000,42.53504467010498,64.52949999173747,77.48394146305509,5.8364529649261385,510.72265625,11144,5000
1291,ccbar,e1004,5000,57.56663799285889,58.27991952877159,85.7928432370536,6.8905358428601176,604.78515625,12001,5000
1292,taupair,e1004,5000,25.076061248779297,96.01671958741267,52.07426395616494,3.4281419022008777,433.83984375,7273,5000
1293,uubar,e1004,5000,42.49671459197998,73.15226851540379,68.35058025503531,5.348883247002959,508.66796875,10994,5000
1294,ccbar,e1004,5000,57.38263988494873,53.12455632034172,94.11843309993856,6.837225930998102,606.72265625,12008,5000
1295,taupair,e1004,5000,25.053601264953613,89.34504779267276,55.962810738012195,3.2314755560364574,472.140625,7209,5000
1296,uubar,e1004,5000,42.65190315246582,72.41193941107639,69.04938661586493,5.405994639033452,516.24609375,11205,5000
1297,ccbar,e1004,5000,57.50337314605713,52.209302637824436,95.7683735920582,7.632502041989937,624.14453125,11803,5000
1298,taupair,e1004,5000,24.786078453063965,95.70697355078678,52.242797097191215,3.502823085989803,403.0546875,7141,5000
1299,uubar,e1004,5000,42.60586738586426,64.71546972294607,77.26127958903089,5.883408145047724,498.94140625,11041,5000
1300,ccbar,e1004,5000,57.625006675720215,51.94580068876321,96.2541713421233,7.642420390853658,585.5078125,11861,5000
1301,uubar,e1004,5000,42.55570888519287,64.3090686150472,77.74953218386509,5.917848859913647,505.80859375,10956,5000
1302,ccbar,e1004,5000,57.47339344024658,51.72433290042677,96.66630229190923,7.724547720048577,561.5859375,11812,5000
1303,uubar,e1004,5000,42.738823890686035,62.61191941561939,79.85699922102503,5.788776312023401,509.44921875,10938,5000
1304,ccbar,e1004,5000,57.792574882507324,51.81424175536413,96.49856546404772,7.721239679958671,599.87890625,12074,5000
1305,uubar,e1004,5000,42.46816921234131,36.447492209565226,137.18364959792234,11.202706130919978,552.765625,11145,5000
1306,ccbar,e1004,5000,57.639275550842285,32.09922047881512,155.76702254498377,14.158238422125578,597.40625,12107,5000
1307,uubar,e1004,5000,42.45355033874512,64.30229145488039,77.75772662018426,5.89300865214318,503.953125,11004,5000
1308,ccbar,e1004,5000,57.2146053314209,50.864974342545445,98.29946961789392,7.547461444977671,609.0,12018,5000
1309,uubar,e1004,5000,42.58567237854004,65.33264948609902,76.53141330298968,6.024653654778376,487.74609375,11234,5000
1310,ccbar,e1004,5000,57.22855567932129,50.87554499829407,98.2790454661008,7.63159645604901,573.23046875,12093,5000
1311,uubar,e1004,5000,42.3403844833374,65.62103954174468,76.1950745510403,5.77431878587231,512.328125,11013,5000
1312,ccbar,e1004,5000,57.46674346923828,52.08047112789663,96.00527590699494,7.622504333034158,578.15234375,11958,5000
1313,uubar,e1004,5000,42.537113189697266,64.97847293124724,76.94856118410826,5.761639959877357,541.9453125,11125,5000
1314,ccbar,e1004,5000,57.143879890441895,52.48352279084777,95.26799525110982,7.644573154160753,590.97265625,11854,5000
1315,uubar,e1004,5000,42.364540100097656,65.37971496281946,76.47631995403208,5.990342220989987,530.61328125,11006,5000
1316,ccbar,e1004,5000,57.65528392791748,51.76348983813193,96.59317823499441,7.900183063931763,566.00390625,12202,5000
1317,uubar,e1004,5000,42.09018802642822,64.68122602053863,77.30218345602043,5.783184118103236,507.1015625,10923,5000
1318,ccbar,e1004,5000,57.47722625732422,51.6404529935043,96.82331796409562,7.5202672239393,615.6015625,11919,5000
1319,uubar,e1004,5000,42.56064701080322,65.33436509739029,76.52940366906114,5.696197550976649,519.34765625,11096,5000
1320,ccbar,e1004,5000,57.53291702270508,48.91800840799283,102.21184718515724,7.345219328068197,656.2578125,12123,5000
1321,uubar,e1004,5000,42.854939460754395,64.71435770066726,77.26260721194558,5.731920183869079,529.984375,11236,5000
1322,ccbar,e1004,5000,57.716081619262695,52.10462037695531,95.9607797509525,7.850466978969052,630.83203125,11991,5000
1323,uubar,e1004,5000,42.368263244628906,65.58213578084128,76.2402739780955,6.044587353942916,503.56640625,11058,5000
1324,ccbar,e1004,5000,57.36751079559326,51.088565968572674,97.86925714602694,7.681412493111566,598.52734375,12280,5000
1325,uubar,e1004,5000,42.29973888397217,64.64831145406887,77.34154052194208,5.892456148983911,501.41796875,10915,5000
1326,ccbar,e1004,5000,57.30057430267334,51.943403764550865,96.25861298316158,7.747582555981353,592.03515625,11908,5000
1327,uubar,e1004,5000,42.47458362579346,64.6399662796975,77.3515254999511,5.848854429787025,523.1015625,11135,5000
1328,ccbar,e1004,5000,57.60761833190918,52.053591949149826,96.05485064093955,8.057592140045017,625.16015625,11927,5000
1329,uubar,e1004,5000,42.67476844787598,65.17220042564365,76.71982789202593,5.735035971971229,527.00390625,11166,5000
1330,ccbar,e1004,5000,58.00283908843994,35.45647709739448,141.01795805222355,18.60410527489148,583.3828125,12026,5000
1331,uubar,e1004,5000,42.73377704620361,41.19234657457066,121.38177151302807,9.112436855095439,546.41015625,11140,5000
1332,ccbar,e1004,5000,57.35641860961914,36.260800517671456,137.88995081791654,13.188965930836275,653.48046875,11915,5000
1333,uubar,e1004,5000,42.441596031188965,47.88749139840755,104.41139959497377,8.030252618947998,485.70703125,11124,5000
1334,ccbar,e1004,5000,57.49215030670166,57.595092956399505,86.8129513009917,6.97662512306124,631.2890625,12061,5000
1335,uubar,e1004,5000,42.305819511413574,45.177055190326115,110.67565114493482,10.369891287060454,549.6171875,10975,5000
1336,ccbar,e1004,5000,57.56750679016113,33.64236842615302,148.6221165128518,11.737315566977486,709.0859375,11915,5000
1337,uubar,e1004,5000,42.576632499694824,72.3785799895089,69.0812116060406,5.304244596045464,517.4140625,11067,5000
1338,ccbar,e1004,5000,57.47848320007324,32.240209762517715,155.08583960309625,15.099000497953966,558.8671875,12027,5000
1339,uubar,e1004,5000,42.683847427368164,32.17611886052153,155.3947516689077,10.533394833095372,443.73828125,11132,5000
1340,ccbar,e1004,5000,57.46097278594971,29.10087051569387,171.81616602512076,15.82157535199076,587.5546875,12115,5000
1341,uubar,e1004,5000,42.589436531066895,72.982252692832,68.50980636407621,5.26669144211337,549.40234375,11125,5000
1342,ccbar,e1004,5000,57.58401966094971,59.37543134994712,84.2099145441316,6.98126405896619,648.91015625,12110,5000
1343,uubar,e1004,5000,42.73873710632324,73.24731646549962,68.26188645907678,5.197677311021835,571.34765625,11017,5000
1344,ccbar,e1004,5000,57.47094535827637,35.28692213694657,141.69555453420617,15.043484929949045,668.1015625,11903,5000
1345,uubar,e1004,5000,42.63180446624756,65.05947865592502,76.85275233210996,5.82645516609773,524.53125,11063,5000
1346,ccbar,e1004,5000,57.307684898376465,51.9450970389439,96.25547520397231,7.0998645450454205,651.41796875,12009,5000
1347,uubar,e1004,5000,42.59279251098633,64.86547790321107,77.08260482503101,5.870672048069537,536.48046875,11152,5000
1348,ccbar,e1004,5000,57.52254867553711,57.76384177990601,86.55933964799624,6.835715030989377,646.53515625,12116,5000
1349,uubar,e1004,5000,42.32767105102539,35.13866221197198,142.2934080369305,11.94788022316061,512.36328125,10978,5000
1350,ccbar,e1004,5000,57.54960346221924,31.97056524361966,156.39385672099888,14.541953108971938,611.7421875,12203,5000
1351,uubar,e1004,5000,42.60162830352783,36.58463233749154,136.66940681199776,11.311634208017495,515.24609375,10965,5000
1352,ccbar,e1004,5000,57.2114143371582,27.249495794261833,183.48963363398798,15.624698128085583,612.46484375,11903,5000
1353,uubar,e1004,5000,42.399651527404785,41.32704873387333,120.98613748583011,10.199232207145542,532.984375,11048,5000
1354,ccbar,e1004,5000,57.624823570251465,32.72411331808009,152.79252798692323,15.060683198971674,693.80078125,12057,5000
1355,uubar,e1004,5000,42.32506084442139,35.07675732985714,142.5445332070085,11.911789272999158,522.0859375,10870,5000
1356,ccbar,e1004,5000,57.75132656097412,57.02228957163626,87.68500945088454,6.982021152973175,581.28515625,12005,5000
1357,uubar,e1004,5000,42.48912334442139,36.96048949453773,135.27959365199786,9.945897419005632,521.1953125,11078,5000
1358,ccbar,e1004,5000,57.50095081329346,23.506503293518143,212.70709375897422,15.557955653988756,638.82421875,12052,5000
1359,uubar,e1004,5000,42.98941230773926,37.10072863973188,134.76824265508913,13.229803242953494,510.1796875,11134,5000
1360,ccbar,e1004,5000,57.686408042907715,57.64948897372237,86.73103767284192,6.876774681964889,652.93359375,12088,5000
1361,uubar,e1004,5000,42.57176113128662,43.430815573840334,115.12562989979051,9.092500888044015,531.546875,11204,5000
1362,ccbar,e1004,5000,57.65981960296631,32.06066777354588,155.9543311860034,12.15781340499234,653.65234375,11926,5000
1363,uubar,e1004,5000,42.54104995727539,40.24494618070846,124.23920204909518,9.993392918026075,525.4765625,11173,5000
1364,ccbar,e1004,5000,57.66659641265869,32.19116440565152,155.3221230830095,12.125871156997164,610.69921875,11980,5000
1365,uubar,e1004,5000,42.813669204711914,28.02945300723842,178.38378789299895,12.184898538000198,542.94921875,10936,5000
1366,ccbar,e1004,5000,57.28170394897461,35.474985923411715,140.94438291799997,11.360511663999205,631.76953125,11998,5000
1367,uubar,e1004,5000,42.09175205230713,28.327985096661905,176.50390534091275,12.460268701892346,521.5859375,10984,5000
1368,ccbar,e1004,5000,57.51258182525635,21.42280018343392,233.39619270997355,17.230718668026384,605.27734375,11901,5000
1369,uubar,e1004,5000,42.54515075683594,19.861940169135643,251.73774351458997,17.151589357294142,491.6953125,10950,5000
1370,ccbar,e1004,5000,57.46203422546387,55.9641522506185,89.34290610905737,7.24942815490067,614.828125,12056,5000
1371,uubar,e1004,5000,42.2971887588501,40.86181190056012,122.36363899299977,9.185276096999587,535.09765625,11011,5000
1372,ccbar,e1004,5000,57.524224281311035,22.507966453056163,222.14356905268505,15.624962681904435,621.2265625,12095,5000
1373,uubar,e1004,5000,42.577895164489746,26.077592122595373,191.73549369489774,12.652306036092341,518.3203125,11093,5000
1374,ccbar,e1004,5000,57.686800956726074,22.55680521560079,221.6625959310004,15.598843302001114,595.97265625,12107,5000
1375,uubar,e1004,5000,42.31138324737549,27.083145869970416,184.61666248099937,12.76784702501027,565.8359375,10850,5000
1376,ccbar,e1004,5000,57.473612785339355,21.595914134467066,231.52527690504212,16.288587921997532,596.86328125,12070,5000
1377,uubar,e1004,5000,42.4969482421875,41.474419845593694,120.5562372810673,9.464864939916879,577.66015625,11316,5000
1378,ccbar,e1004,5000,57.62560272216797,56.74916690826435,88.10702028599917,6.947697164985584,664.265625,12001,5000
1379,uubar,e1004,5000,42.636528968811035,71.4759803047942,69.95357011794113,5.22672017198056,526.8984375,11122,5000
1380,ccbar,e1004,5000,57.607117652893066,57.122405442181716,87.53132787905633,6.584457252174616,615.9609375,11986,5000
1381,uubar,e1004,5000,43.05314636230469,27.705917496006585,180.4668623849284,12.844708751072176,528.57421875,11150,5000
1382,ccbar,e1004,5000,57.447038650512695,55.66257729281951,89.82695813197643,7.063100538915023,639.2734375,12070,5000
1383,uubar,e1004,5000,42.53159713745117,37.54731681879843,133.16530776699074,11.27032020012848,522.12109375,11198,5000
1384,ccbar,e1004,5000,57.157490730285645,35.161337444936514,142.201644286999,11.555208580999533,635.109375,11970,5000
1385,uubar,e1004,5000,42.09220504760742,41.175146997155174,121.4324747971259,9.27004038495943,525.6640625,11030,5000
1386,ccbar,e1004,5000,57.462833404541016,57.80724247033855,86.49435237402213,6.736286808998557,622.77734375,11947,5000
1387,uubar,e1004,5000,42.50255489349365,72.14231634192497,69.30745023908094,5.104541804874316,523.25390625,11231,5000
1388,ccbar,e1004,5000,57.56073474884033,56.904728822946694,87.86615986796096,6.846642651129514,698.48046875,12042,5000
1389,uubar,e1004,5000,42.57256889343262,68.48492419882412,73.00876884208992,5.491390968905762,504.3046875,11172,5000
1390,ccbar,e1004,5000,57.817843437194824,57.399844832556305,87.1082494140137,6.722471907036379,616.72265625,11975,5000
1391,uubar,e1004,5000,42.28668022155762,70.69384193804348,70.72751830890775,5.268616581102833,528.16015625,11057,5000
1392,ccbar,e1004,5000,57.59317970275879,54.403314033331995,91.90616580704227,7.078883260954171,642.9921875,12218,5000
1393,uubar,e1004,5000,42.65307903289795,19.976340815797585,250.2960900649996,16.81066877900048,549.3828125,11065,5000
1394,ccbar,e1004,5000,57.556941986083984,32.409256415924666,154.276911997993,12.230005714984145,682.51953125,12013,5000
1395,uubar,e1004,5000,42.764997482299805,28.42729490157772,175.88729484501528,11.848002869053744,600.046875,11233,5000
1396,ccbar,e1004,5000,57.68849849700928,22.49993112299219,222.22290249104844,16.014383569010533,614.71484375,11897,5000
1397,uubar,e1004,5000,42.190338134765625,42.11699618552726,118.71691841400025,9.140798414999153,550.8203125,11044,5000
1398,ccbar,e1004,5000,57.61325263977051,22.23699556363857,224.85051929298788,15.521247780881822,613.9140625,12028,5000
1399,uubar,e1004,5000,42.30515193939209,27.742159806524846,180.23110078199534,12.065225108992308,544.1171875,10835,5000
1400,ccbar,e1004,5000,57.532344818115234,55.91586246239943,89.42006399994716,7.279162613907829,654.5625,12100,5000
1401,uubar,e1004,5000,42.416632652282715,40.36365327917617,123.87382196099497,9.637586464988999,527.6328125,11083,5000
1402,ccbar,e1004,5000,57.34507942199707,33.54162130483536,149.06852458200046,11.69959432900032,618.91796875,11969,5000
1403,uubar,e1004,5000,42.56598472595215,27.84287081676704,179.5791832280811,12.178464427124709,528.14453125,11110,5000
1404,ccbar,e1004,5000,57.5415678024292,22.14950975195466,225.73863060597796,15.521084289997816,642.578125,11968,5000
1405,uubar,e1004,5000,42.61380481719971,70.45094220993404,70.97137161204591,5.27188206021674,526.47265625,11235,5000
1406,ccbar,e1004,5000,57.457149505615234,33.31632119837094,150.07659369800058,11.742248916998506,621.953125,12017,5000
1407,uubar,e1004,5000,42.63212585449219,40.038878254650506,124.87862342695007,9.585954318987206,525.22265625,11142,5000
1408,ccbar,e1004,5000,57.64606475830078,57.84930002293987,86.43146931799129,6.8422715328633785,702.8984375,12020,5000
1409,uubar,e1004,5000,42.67842674255371,70.21316413752561,71.21171736693941,5.416024141944945,523.3671875,11016,5000
1410,ccbar,e1004,5000,57.636956214904785,57.38469131474083,87.131252001971,7.040274315979332,682.078125,12250,5000
1411,uubar,e1004,5000,42.70338821411133,68.47107599925944,73.02353478502482,5.832026086980477,516.88671875,11173,5000
1412,ccbar,e1004,5000,57.4162015914917,57.356766661377534,87.17367262905464,6.920401708921418,618.28125,11876,5000
1413,uubar,e1004,5000,42.587345123291016,29.212812511575276,171.15777530899504,11.979879021004308,536.9609375,11058,5000
1414,ccbar,e1004,5000,57.37540817260742,54.60238205504452,91.57109656790271,7.317781077930704,604.15234375,12121,5000
1415,uubar,e1004,5000,42.54089546203613,69.00181369629277,72.46186342299916,5.3865073279011995,532.5859375,11386,5000
1416,ccbar,e1004,5000,57.3782844543457,55.49998412625178,90.09011585707776,7.081467917887494,659.59765625,11864,5000
1417,uubar,e1004,5000,42.46232986450195,70.77198834057683,70.6494210101664,5.365189082920551,501.171875,11096,5000
1418,ccbar,e1004,5000,57.57173728942871,54.91845208832919,91.04408099409193,7.112305841874331,648.6328125,12086,5000
1419,uubar,e1004,5000,42.38427543640137,68.89831206515511,72.57071835477836,5.68857933813706,523.72265625,11022,5000
1420,ccbar,e1004,5000,57.32578468322754,50.03379225944104,99.93246112694032,7.305025037843734,656.28515625,11963,5000
1421,uubar,e1004,5000,42.8082971572876,68.57747721927782,72.9102352950722,5.736604508012533,517.859375,11404,5000
1422,ccbar,e1004,5000,57.63276481628418,55.183432794141524,90.60690404404886,7.247444262029603,607.5703125,11798,5000
1423,uubar,e1004,5000,42.421348571777344,73.92302167598235,67.63792776106857,5.074150701053441,536.96875,11148,5000
1424,ccbar,e1004,5000,57.415510177612305,55.469056909196304,90.14034632290713,7.400262130890042,618.859375,12041,5000
1425,uubar,e1004,5000,42.782355308532715,66.78931098345271,74.86227850499563,5.5425468678586185,536.5390625,11040,5000
1426,ccbar,e1004,5000,57.76798057556152,52.31558743877388,95.57380973407999,7.369021799182519,648.68359375,12174,5000
1427,uubar,e1004,5000,42.68162250518799,41.22746904645834,121.27836405299604,10.116240106057376,528.0,11042,5000
1428,ccbar,e1004,5000,57.54175662994385,57.209768215984994,87.39766225102358,7.01445653103292,625.03515625,12032,5000
1429,uubar,e1004,5000,42.67837333679199,73.20373949257271,68.30252162879333,5.189025129191577,530.65234375,11176,5000
1430,ccbar,e1004,5000,57.29750347137451,53.054510269544814,94.24269444006495,6.607617904897779,688.95703125,12020,5000
1431,uubar,e1004,5000,42.45659160614014,72.89282752456397,68.59385442710482,5.299958608113229,544.125,11106,5000
1432,ccbar,e1004,5000,57.660898208618164,25.547645392827693,195.7127525107935,14.45495901699178,492.25,12331,5000
1433,uubar,e1004,5000,42.642507553100586,65.61076338398388,76.20700845587999,5.715625614859164,540.31640625,10994,5000
1434,ccbar,e1004,5000,57.422149658203125,30.224390500551376,165.42930782702751,13.707216541981325,728.234375,12111,5000
1435,uubar,e1004,5000,42.41411113739014,43.18890352996242,115.77047786201001,9.261465889023384,552.37109375,10966,5000
1436,ccbar,e1004,5000,57.7546329498291,52.75476213040418,94.77817353513092,7.3135176240466535,652.171875,11945,5000
1437,uubar,e1004,5000,42.77000617980957,66.09690102907365,75.64651174494065,5.528152185026556,532.703125,11132,5000
1438,ccbar,e1004,5000,57.38389492034912,54.36230270491311,91.9755005070474,6.867347446037456,669.78125,11723,5000
1439,uubar,e1004,5000,42.39005184173584,66.39693633515657,75.30467934184708,5.72975742793642,530.96875,10986,5000
1440,ccbar,e1004,5000,57.30371284484863,53.53206949975835,93.40195599989966,7.323304668068886,580.19140625,12044,5000
1441,uubar,e1004,5000,42.36323642730713,65.01838273655189,76.90132835600525,5.50613202387467,522.1328125,11130,5000
1442,ccbar,e1004,5000,57.771724700927734,52.95143794346194,94.42614203109406,7.2586890638340265,663.9921875,11810,5000
1443,uubar,e1004,5000,42.316287994384766,67.51220119441645,74.06068698014133,5.405636397888884,541.71484375,11060,5000
1444,ccbar,e1004,5000,57.4931640625,53.5186522282866,93.42537212395109,7.095569140044972,653.30078125,12087,5000
1445,uubar,e1004,5000,42.58183670043945,64.16173423648509,77.92806817800738,5.694233607966453,527.1484375,11048,5000
1446,ccbar,e1004,5000,57.63983917236328,34.728722475082726,143.9730471970979,13.70524298492819,700.34375,12003,5000
1447,uubar,e1004,5000,42.13780975341797,66.80939047190475,74.83977872994728,5.76607802300714,520.8125,10835,5000
1448,ccbar,e1004,5000,57.42606449127197,52.86801746834017,94.57513709482737,6.930078458040953,594.1953125,11758,5000
1449,uubar,e1004,5000,42.27078437805176,66.43560086713758,75.26085313805379,5.423587783006951,532.390625,11094,5000
1450,ccbar,e1004,5000,57.513671875,53.341893202922904,93.73495576879941,6.973668617894873,612.8515625,11797,5000
1451,uubar,e1004,5000,42.3381986618042,66.29692076897385,75.41828401689418,5.530072705820203,516.47265625,11043,5000
1452,ccbar,e1004,5000,57.59283256530762,32.050403666787844,156.00427539017983,12.583030774025247,701.61328125,12177,5000
1453,uubar,e1004,5000,42.61640453338623,39.254877356403554,127.37270720792003,9.51893454301171,530.71484375,10955,5000
1454,ccbar,e1004,5000,57.3765869140625,58.65996074539693,85.23701578495093,7.026605200022459,625.546875,11799,5000
1455,uubar,e1004,5000,42.38468551635742,72.86129502599287,68.62354008690454,5.138684800127521,521.109375,11102,5000
1456,ccbar,e1004,5000,57.37738513946533,52.93945700714797,94.4475119819399,7.322745739016682,617.33203125,11910,5000
1457,uubar,e1004,5000,42.5456600189209,65.3299169148575,76.5346144021023,5.536660064943135,550.87109375,11029,5000
1458,ccbar,e1004,5000,57.331692695617676,24.259942118202176,206.10106881699903,14.836362308000389,623.80078125,11866,5000
1459,uubar,e1004,5000,42.55196571350098,66.40671977290968,75.29358500312082,5.5818012920208275,530.33984375,11150,5000
1460,ccbar,e1004,5000,57.27559757232666,53.17027143218353,94.0375112881884,7.327209295006469,616.73828125,12058,5000
1461,uubar,e1004,5000,42.27312755584717,44.03329635246092,113.55043601500802,9.801934362156317,541.1796875,10837,5000
1462,ccbar,e1004,5000,57.553680419921875,52.70931834016015,94.85988734918647,7.1387345308903605,637.4140625,12005,5000
1463,uubar,e1004,5000,42.466979026794434,41.29160254556244,121.08999631299957,9.268515556999773,551.25,11084,5000
1464,ccbar,e1004,5000,57.49978256225586,32.61774989346213,153.2907700969954,11.982347407989437,713.21484375,12162,5000
1465,uubar,e1004,5000,42.47502136230469,73.61869384696958,67.91753206588328,5.135717998957261,534.51953125,10994,5000
1466,ccbar,e1004,5000,57.621275901794434,29.31551915859806,170.55812564498046,14.926100065000355,720.02734375,12029,5000
1467,uubar,e1004,5000,42.62168025970459,35.06891359678323,142.57641561096534,12.018877736991271,512.109375,11069,5000
1468,ccbar,e1004,5000,57.49895477294922,54.396500086969674,91.91767838015221,7.136847265996039,617.55078125,11983,5000
1469,uubar,e1004,5000,42.57074165344238,66.05877959017083,75.69016610691324,5.480569822946563,563.68359375,11014,5000
1470,ccbar,e1004,5000,57.56011199951172,53.59474998549621,93.29271992784925,7.173599862027913,587.25390625,11967,5000
1471,uubar,e1004,5000,42.48227596282959,69.49646099628721,71.94610960502177,5.355617252876982,550.4921875,11068,5000
1472,ccbar,e1004,5000,57.77755928039551,52.930168657677925,94.46408592304215,6.931938863126561,647.05859375,11968,5000
1473,uubar,e1004,5000,42.78545093536377,67.74615977246246,73.80492144194432,5.58267336897552,520.7421875,11075,5000
1474,ccbar,e1004,5000,57.33434581756592,55.31065195848353,90.39850052306429,6.953691626898944,704.7578125,11858,5000
1475,uubar,e1004,5000,42.428351402282715,57.941838219056194,86.29343068297021,5.240010025911033,555.015625,10841,5000
1476,ccbar,e1004,5000,57.49406814575195,53.754277578855735,93.01585334609263,7.172735522035509,606.19921875,11909,5000
1477,uubar,e1004,5000,42.495845794677734,66.17109479591491,75.56169374892488,5.325661896029487,536.48046875,11167,5000
1478,ccbar,e1004,5000,57.4569616317749,52.84241559664353,94.62095825001597,7.154777877964079,640.5,11983,5000
1479,uubar,e1004,5000,42.520517349243164,67.67021974360469,73.88774587912485,5.3147920169867575,534.640625,11119,5000
1480,ccbar,e1004,5000,57.519222259521484,54.339927683945604,92.01337236003019,7.156988796778023,632.2890625,12063,5000
1481,uubar,e1004,5000,42.328125953674316,67.44766254472357,74.13155343499966,5.27267727185972,517.08203125,11007,5000
1482,ccbar,e1004,5000,57.81778907775879,54.27698446654905,92.12007721397094,6.8699664059095085,621.89453125,12027,5000
1483,uubar,e1004,5000,42.28891849517822,35.477896261389795,140.93282090802677,11.449706497834995,521.6953125,11290,5000
1484,ccbar,e1004,5000,57.24190139770508,55.34303142091296,90.3456112111453,6.713206636952236,643.02734375,11945,5000
1485,uubar,e1004,5000,42.45299434661865,70.17192725806478,71.2535652841907,5.474290671991184,535.6171875,11268,5000
1486,ccbar,e1004,5000,57.71628189086914,27.920065542432393,179.08267415780574,13.788830746896565,622.41015625,12172,5000
1487,uubar,e1004,5000,42.963067054748535,37.21378670005655,134.3588074038271,9.656520979013294,561.609375,10989,5000
1488,ccbar,e1004,5000,57.72720527648926,38.46386263569509,129.99214476603083,9.586944760056213,605.56640625,12075,5000
1489,uubar,e1004,5000,42.66612148284912,71.18641955566628,70.23811607901007,5.309198922943324,524.92578125,11197,5000
1490,ccbar,e1004,5000,57.86722469329834,27.585105443755218,181.25723717804067,13.261471315985546,597.36328125,11951,5000
1491,uubar,e1004,5000,42.54977893829346,47.523791244652706,105.21046130894683,8.219312775181606,479.65625,11008,5000
1492,ccbar,e1004,5000,57.39970397949219,56.44309606451193,88.5847933338955,6.878173324977979,683.49609375,11878,5000
1493,uubar,e1004,5000,42.277090072631836,34.427047452644956,145.2346445589792,10.892890359042212,450.73828125,11119,5000
1494,ccbar,e1004,5000,57.24582290649414,37.26707217586807,134.16669751796871,10.696151523152366,557.80078125,11892,5000
1495,uubar,e1004,5000,42.341031074523926,71.2609912045351,70.16461482620798,5.253794501069933,526.01953125,10952,5000
1496,ccbar,e1004,5000,57.364938735961914,34.94763360445278,143.07120352099992,11.789512731000286,674.234375,11951,5000
1497,uubar,e1004,5000,42.40209770202637,40.60356961540293,123.14188253298926,9.946293272994808,529.46875,11068,5000
1498,ccbar,e1004,5000,57.76590442657471,31.516906815066534,158.64501010009553,11.845308323972858,628.2734375,11907,5000
1499,uubar,e1004,5000,42.51060676574707,71.4416803583967,69.98715560603887,5.653536906931549,504.74609375,11061,5000
1500,ccbar,e1004,5000,57.46384048461914,22.849500948460395,218.8231599139981,15.611982372007333,612.734375,11971,5000
1501,uubar,e1004,5000,42.57394886016846,27.77852122299167,179.9951826039469,12.216373097035103,548.1953125,11047,5000
1502,ccbar,e1004,5000,57.649723052978516,56.63431814899217,88.28569255210459,7.2625110018998384,627.5859375,12061,5000
1503,uubar,e1004,5000,42.299516677856445,71.49025894234536,69.93959840084426,5.936209382954985,530.09375,11037,5000
1504,ccbar,e1004,5000,57.55310821533203,56.82827499511624,87.9843704639934,7.4061495191417634,592.77734375,12076,5000
1505,uubar,e1004,5000,42.47327709197998,67.30314072167366,74.29073809017427,5.631952938856557,538.390625,10826,5000
1506,ccbar,e1004,5000,57.55458736419678,54.21499610426737,92.22540550190024,7.333534902893007,622.0234375,12071,5000
1507,uubar,e1004,5000,42.593207359313965,69.26532843315364,72.1861877089832,5.725597870070487,553.33203125,11152,5000
1508,ccbar,e1004,5000,57.579651832580566,58.30378590543097,85.75772434589453,7.04825467383489,644.6015625,12047,5000
1509,uubar,e1004,5000,42.48977184295654,41.73575440542063,119.80135668400908,9.382682972995099,546.15625,11113,5000
1510,ccbar,e1004,5000,57.73843574523926,50.92309891478817,98.18726877495646,7.119890290079638,633.51171875,12127,5000
1511,uubar,e1004,5000,42.393638610839844,65.42679040850301,76.42129422491416,5.56686561787501,509.625,10982,5000
1512,ccbar,e1004,5000,57.52854251861572,52.84355488770083,94.61891825078055,6.935157057130709,611.73046875,12007,5000
1513,uubar,e1004,5000,42.594566345214844,35.262339144804876,141.79433699697256,11.495372336823493,497.625,11092,5000
1514,ccbar,e1004,5000,57.48406219482422,28.901981894767324,172.99851678701816,12.914840837009251,690.125,12024,5000
1515,uubar,e1004,5000,42.29853343963623,34.03140317174462,146.9231219990179,11.684486855054274,559.83203125,10996,5000
1516,ccbar,e1004,5000,57.59054470062256,55.62645673135846,89.88528649500222,7.055724108999129,661.22265625,12245,5000
1517,uubar,e1004,5000,42.36751651763916,71.65753953651392,69.77632824599277,5.324327348993393,536.65625,11041,5000
1518,ccbar,e1004,5000,57.537031173706055,58.89639932830296,84.89483324997127,6.933609638130292,695.93359375,11834,5000
1519,ccbar,e1004,5000,57.49545669555664,55.06171201233454,90.80720190610737,7.3645866240840405,635.54296875,11906,5000
1520,ccbar,e1004,5000,57.44905757904053,56.449203231343624,88.57520945882425,7.606750515056774,730.6953125,12018,5000
1521,ccbar,e1004,5000,57.46069526672363,58.5564118932871,85.38774556596763,6.940082859946415,650.23828125,11865,5000
1522,ccbar,e1004,5000,57.58706569671631,59.54453045265233,83.97076880093664,6.516853688051924,754.90234375,11994,5000
1523,ccbar,e1004,5000,57.51357173919678,55.315363461015856,90.39080080389977,7.3280013429466635,626.37890625,12239,5000
1524,ccbar,e1004,5000,57.4402494430542,59.10202433249958,84.59947110898793,6.5245393249206245,637.51953125,11932,5000
1525,ccbar,e1004,5000,57.26507377624512,56.974274537900236,87.75890593699296,7.060595898976317,706.203125,11811,5000
1526,ccbar,e1004,5000,57.430694580078125,55.05066376026611,90.82542622508481,7.244631320936605,657.3125,11947,5000
1527,charged,e1004,5000,76.53302764892578,41.64883587192855,120.05137467407621,8.745791401946917,695.63671875,10624,5000
1528,ddbar,e1004,5000,42.108863830566406,43.43437083667576,115.11620644399954,8.758847926999806,543.23828125,11134,5000
1529,mixed,e1004,5000,77.30551528930664,41.13335664683946,121.55584682594053,8.736776541918516,700.96875,10640,5000
1530,ssbar,e1004,5000,44.59572982788086,29.895773303933908,167.24772258498706,11.646912736992817,578.7265625,12511,5000
1531,taupair,e1004,5000,25.042333602905273,105.92307853870084,47.20406609191559,3.3743265389930457,469.49609375,7202,5000
1532,uubar,e1004,5000,42.557668685913086,73.20635014354805,68.30008585588075,5.297347333980724,527.83984375,11186,5000
1533,ccbar,e1004,5000,57.54777431488037,55.29591958009489,90.42258521006443,7.121972820023075,626.74609375,12009,5000
1534,charged,e1004,5000,76.48936748504639,42.191262585890286,118.50794912385754,8.968337155878544,649.91796875,10522,5000
1535,ddbar,e1004,5000,42.13459587097168,68.98059477245106,72.48415320995264,5.5051753770094365,538.64453125,11261,5000
1536,mixed,e1004,5000,77.19753646850586,42.27992011108648,118.25944767310284,8.718946908134967,642.28515625,10524,5000
1537,ssbar,e1004,5000,44.41415977478027,66.77023257755164,74.88366906903684,5.625889778835699,552.40625,12549,5000
1538,taupair,e1004,5000,25.017048835754395,58.48204280534377,85.49632947403006,5.981425291043706,493.35546875,7269,5000
1539,uubar,e1004,5000,42.7172327041626,42.18204548995298,118.53384400694631,11.020095755113289,529.4609375,11089,5000
1540,ccbar,e1004,5000,57.589009284973145,54.31704864784265,92.05212957016192,6.908445956883952,646.4453125,11815,5000
1541,charged,e1004,5000,76.34587383270264,42.58187260638526,117.4208576080855,8.530979873146862,641.26953125,10649,5000
1542,ddbar,e1004,5000,42.48142623901367,41.69069813254756,119.93082927283831,8.912548705004156,521.99609375,11131,5000
1543,mixed,e1004,5000,77.31499767303467,24.899194371475183,200.80970996106043,15.222030136035755,655.55078125,10466,5000
1544,ssbar,e1004,5000,44.18089580535889,38.5979648152394,129.54050877899863,9.840364971023519,578.62890625,12542,5000
1545,taupair,e1004,5000,25.03084945678711,58.06211725063638,86.1146688539884,6.249062126036733,493.203125,7337,5000
1546,uubar,e1004,5000,42.659114837646484,39.741090911800406,125.81436204398051,9.435323529003654,531.02734375,11055,5000
1547,ccbar,e1004,5000,57.397695541381836,25.397460696744055,196.8700753080011,14.48654056900159,604.3515625,12039,5000
1548,charged,e1004,5000,76.48265075683594,26.790810443175218,186.6311588671524,12.540210199076682,691.26953125,10586,5000
1549,ddbar,e1004,5000,42.20959663391113,28.18127584018447,177.42276922999918,12.290153592999559,541.34375,11142,5000
1550,mixed,e1004,5000,77.08565616607666,23.753689257948743,210.49361830507405,16.877278744010255,750.51171875,10592,5000
1551,ssbar,e1004,5000,44.118374824523926,38.60597919489984,129.5136169130128,9.970404916006373,552.11328125,12448,5000
1552,taupair,e1004,5000,24.90151596069336,54.813598197638285,91.21824080900114,5.783442412008299,470.24609375,7126,5000
1553,uubar,e1004,5000,42.219895362854004,39.74804123901283,125.79236219299491,9.048657437000657,525.69921875,11036,5000
1554,ccbar,e1004,5000,57.35751247406006,34.67216442114176,144.20789943390992,11.390681090997532,680.796875,12045,5000
1555,charged,e1004,5000,76.61514854431152,21.884156202631956,228.47579562600004,16.965863794030156,661.88671875,10580,5000
1556,ddbar,e1004,5000,42.277512550354004,28.42208673545741,175.9195250699995,12.102647023042664,539.234375,11194,5000
1557,mixed,e1004,5000,77.67397403717041,16.89916154751518,295.87266716999875,19.507360085990513,688.6328125,10491,5000
1558,ssbar,e1004,5000,44.64424133300781,26.594991601786603,188.00532351603033,12.282999844988808,549.39453125,12718,5000
1559,taupair,e1004,5000,24.947071075439453,40.15300915073634,124.52366848097881,8.27459947502939,452.33203125,7229,5000
1560,uubar,e1004,5000,42.67652702331543,20.55598691794844,243.2381388428621,15.897862462326884,521.61328125,11231,5000
1561,ccbar,e1004,5000,57.545762062072754,28.746433454244663,173.9346207228955,13.695750570856035,629.4921875,12033,5000
1562,charged,e1004,5000,76.13198471069336,44.96683866542349,111.1930513328407,8.661696752998978,630.06640625,10690,5000
1563,ddbar,e1004,5000,42.46195983886719,40.309991281270825,124.03872690300341,9.280742127011763,515.7890625,11188,5000
1564,mixed,e1004,5000,76.6178674697876,24.009731494793552,208.2488927910017,15.607794098003069,657.4921875,10534,5000
1565,ssbar,e1004,5000,44.58079242706299,39.15141454870417,127.70930648699868,10.086338583001634,543.82421875,12611,5000
1566,taupair,e1004,5000,25.006104469299316,51.81060122427317,96.50534604600398,6.216489228012506,460.8515625,7288,5000
1567,uubar,e1004,5000,42.551164627075195,27.366322221886364,182.706319082994,12.387094464967959,518.81640625,11145,5000
1568,ccbar,e1004,5000,57.369157791137695,22.090427523887293,226.34238267201,16.09342716599349,624.80859375,12208,5000
1569,charged,e1004,5000,76.3396987915039,16.963293604573334,294.7540799890412,19.76852342800703,626.55859375,10504,5000
1570,ddbar,e1004,5000,42.1412296295166,28.32262393431888,176.53731559601147,12.699807000986766,524.09375,11004,5000
1571,mixed,e1004,5000,76.98987293243408,44.764135531666334,111.69656111113727,8.65668208594434,665.90234375,10646,5000
1572,ssbar,e1004,5000,44.54136562347412,36.96529865389603,135.26199387200177,10.873368465807289,539.64453125,12680,5000
1573,taupair,e1004,5000,25.01512336730957,56.92464482543273,87.83541847881861,8.464193620020524,484.87890625,7277,5000
1574,uubar,e1004,5000,42.61236763000488,74.46999132598059,67.1411384770181,4.974865667056292,559.0,11306,5000
1575,ccbar,e1004,5000,57.643778800964355,31.154543638399105,160.49023404205218,12.586117240134627,745.51171875,11980,5000
1576,charged,e1004,5000,76.65227603912354,24.40069715015501,204.91217809193768,16.607862988952547,697.77734375,10702,5000
1577,ddbar,e1004,5000,42.575029373168945,72.97918134833348,68.51268961397,5.345798142021522,549.68359375,11135,5000
1578,mixed,e1004,5000,76.80879497528076,44.64566669663952,111.99295183504,8.737178887007758,692.9140625,10482,5000
1579,ssbar,e1004,5000,44.66414833068848,70.4334039774672,70.98904380085878,5.296120133949444,564.57421875,12690,5000
1580,taupair,e1004,5000,24.994637489318848,104.77599642461074,47.72085373196751,3.1393911738414317,454.30078125,7309,5000
1581,uubar,e1004,5000,42.59053325653076,29.487002075750755,169.5662375970005,11.48845586400057,532.9609375,11158,5000
1582,ccbar,e1004,5000,57.55844020843506,59.513484319850754,84.0145734557882,6.797284021042287,606.32421875,11966,5000
1583,charged,e1004,5000,76.85383892059326,12.444540642974673,401.7826084101107,24.97873706300743,619.73046875,10737,5000
1584,ddbar,e1004,5000,42.377278327941895,20.133487840096603,248.34246503689792,16.783118386985734,517.33203125,11074,5000
1585,mixed,e1004,5000,77.39773941040039,25.563224026913858,195.59348205593415,14.387112949043512,626.2890625,10590,5000
1586,ssbar,e1004,5000,44.23921298980713,39.53440322574406,126.47212533978745,12.256915010046214,571.30078125,12769,5000
1587,taupair,e1004,5000,25.037001609802246,60.30951758087529,82.9056540420006,5.723076922000473,444.77734375,7262,5000
1588,uubar,e1004,5000,42.456488609313965,39.90000413159119,125.31327023199992,9.426222026988398,549.8515625,11066,5000
1589,ccbar,e1004,5000,57.53081130981445,22.181068410636733,225.41745543701109,15.305233740014955,611.48828125,11943,5000
1590,charged,e1004,5000,76.14246273040771,17.29994357284651,289.01828372711316,19.558376881759614,637.625,10634,5000
1591,ddbar,e1004,5000,42.13351917266846,39.807914889318404,125.6031624339521,11.66624344396405,533.06640625,10993,5000
1592,mixed,e1004,5000,77.14869976043701,24.201389198015303,206.5997104170383,15.051570192968938,657.63671875,10563,5000
1593,ssbar,e1004,5000,44.41721820831299,19.662989231327156,254.2848364090023,16.594738027008134,539.43359375,12416,5000
1594,taupair,e1004,5000,25.096494674682617,59.13782277469805,84.54825973301195,5.715853720903397,479.3828125,7331,5000
1595,uubar,e1004,5000,42.40019607543945,71.6749648510471,69.75936451996677,5.1189446658827364,567.29296875,11018,5000
1596,ccbar,e1004,5000,57.49190425872803,57.373140033510694,87.14879466383718,6.893695577047765,593.37890625,11946,5000
1597,charged,e1004,5000,76.72041893005371,23.647792053168693,211.4362300192006,16.370881059207022,759.2890625,10528,5000
1598,ddbar,e1004,5000,42.333534240722656,71.31915943246436,70.1073882500641,5.2939047079999,537.94140625,11081,5000
1599,mixed,e1004,5000,76.91728115081787,21.924067155208558,228.0598743199953,17.045437202963512,647.45703125,10527,5000
1600,ssbar,e1004,5000,44.58488178253174,37.01774025800941,135.07037342502736,13.066678819945082,543.19140625,12601,5000
1601,taupair,e1004,5000,24.956673622131348,54.917734190620216,91.04527114401571,7.394132480956614,456.796875,7274,5000
1602,uubar,e1004,5000,42.52176380157471,43.571262423965855,114.75453594499959,8.51583596599994,533.8046875,11138,5000
1603,ccbar,e1004,5000,57.58929920196533,34.861940668497816,143.42288191999978,10.674120841998956,615.9375,12034,5000
1604,charged,e1004,5000,76.60823154449463,21.531964757647245,232.2129009719938,20.499331397004426,684.32421875,10560,5000
1605,ddbar,e1004,5000,42.519126892089844,34.74572302379286,143.90260339599627,11.476271416991949,537.7109375,11118,5000
1606,mixed,e1004,5000,77.02600574493408,42.282732352114074,118.2515821910929,8.679049671860412,616.3515625,10462,5000
1607,ssbar,e1004,5000,44.78946304321289,29.722516484651585,168.22263359099998,12.336265024001477,540.171875,12594,5000
1608,taupair,e1004,5000,24.917969703674316,61.93543093696962,80.72923566299869,5.813671965999674,473.33984375,7225,5000
1609,uubar,e1004,5000,42.7265567779541,29.473456329481195,169.6441687769984,11.910477583995089,523.265625,11283,5000
1610,ccbar,e1004,5000,57.58115196228027,31.315459334277318,159.6655487830285,16.28793693217449,680.5703125,12122,5000
1611,charged,e1004,5000,76.63362121582031,24.05403323315755,207.8653484650422,20.259147787932307,682.53125,10640,5000
1612,ddbar,e1004,5000,42.328856468200684,40.61731763663152,123.10020185800386,9.922419902999536,532.203125,11200,5000
1613,mixed,e1004,5000,76.94158172607422,24.57342815139303,203.4718139119941,15.438611340010539,631.796875,10575,5000
1614,ssbar,e1004,5000,44.42341327667236,38.40656082518295,130.1860904119676,9.715424714027904,533.1171875,12419,5000
1615,taupair,e1004,5000,24.918723106384277,43.26169479252432,115.57568477099994,7.807141864032019,467.703125,7310,5000
1616,uubar,e1004,5000,42.38935565948486,29.16056030898794,171.4644693730006,11.891261861999737,548.5703125,11004,5000
1617,ccbar,e1004,5000,57.48082256317139,35.1897024106106,142.08702141488902,10.629489876097068,663.1953125,11939,5000
1618,charged,e1004,5000,76.38332653045654,45.06816898126084,110.94304723315872,8.62710444489494,685.18359375,10579,5000
1619,ddbar,e1004,5000,42.65188121795654,28.586237413007638,174.90934283379465,12.08878774382174,545.27734375,11195,5000
1620,mixed,e1004,5000,77.05212593078613,17.47066357863552,286.19405196001753,19.315249448642135,798.890625,10616,5000
1621,ssbar,e1004,5000,44.94202995300293,47.042746165994565,106.28631207789294,8.151584319071844,459.58984375,12584,5000
1622,taupair,e1004,5000,24.956791877746582,57.96269947850189,86.26237295684405,6.590235619107261,473.51171875,7217,5000
1623,uubar,e1004,5000,42.224026679992676,73.14386783000302,68.35843042400666,5.154089404008118,548.32421875,10948,5000
1624,ccbar,e1004,5000,57.64967441558838,32.4808174624779,153.9370123851113,13.89858054695651,565.21484375,11795,5000
1625,charged,e1004,5000,76.85183620452881,24.912975925476797,200.69862448214553,19.64436201006174,630.78515625,10630,5000
1626,ddbar,e1004,5000,42.58397388458252,71.5994709691783,69.83291820902377,5.2169457618147135,539.86328125,11126,5000
1627,mixed,e1004,5000,77.18930912017822,42.586221615787224,117.40886630211025,9.212988315848634,645.70703125,10523,5000
1628,ssbar,e1004,5000,44.48217296600342,42.4805984067028,117.70079018498654,8.612040042993613,527.64453125,12414,5000
1629,taupair,e1004,5000,25.14095687866211,51.674050622114315,96.76036501501221,6.34320713498164,472.2109375,7332,5000
1630,uubar,e1004,5000,42.42811679840088,41.74834231329914,119.76523432901013,8.817574854998384,537.8828125,10936,5000
1631,ccbar,e1004,5000,57.55711078643799,16.304359301878428,306.6664508199319,21.577401894144714,595.984375,11961,5000
1632,charged,e1004,5000,76.43450832366943,27.79526056648413,179.88678278587759,16.50927925785072,804.6484375,10556,5000
1633,ddbar,e1004,5000,42.18934726715088,46.32868646253625,107.9244930469431,8.361896680900827,567.875,11090,5000
1634,mixed,e1004,5000,76.7104082107544,24.641560298024682,202.90922894200048,14.707540584999151,664.75390625,10640,5000
1635,ssbar,e1004,5000,44.399874687194824,40.00959924964793,124.97000954199757,8.968936584002222,562.0703125,12591,5000
1636,taupair,e1004,5000,24.81724739074707,60.17580200972692,83.08987720997538,5.7915227970224805,490.03125,7204,5000
1637,uubar,e1004,5000,42.6016263961792,40.58691410990798,123.19241582299583,9.02777598798275,563.9765625,10773,5000
1638,ccbar,e1004,5000,57.3817720413208,32.146007405098224,155.54031133605167,11.944941550958902,634.3671875,12049,5000
1639,charged,e1004,5000,76.53281021118164,17.98657171693489,277.9851590779999,18.050387455999953,659.1171875,10575,5000
1640,ddbar,e1004,5000,42.22047138214111,22.94719511589361,217.89155383687466,14.852369402069598,547.2265625,11205,5000
1641,mixed,e1004,5000,76.96768951416016,17.687115453302898,282.6916584109422,18.14273777406197,732.828125,10590,5000
1642,ssbar,e1004,5000,44.172908782958984,27.55335474437485,181.46610626500114,12.430633005000345,533.98046875,12566,5000
1643,taupair,e1004,5000,24.90629005432129,40.30791222499236,124.04512474103831,8.217344602977391,471.9921875,7282,5000
1644,uubar,e1004,5000,42.28188419342041,19.457795548459135,256.96641675299907,16.99344000700512,523.5,10883,5000
1645,ccbar,e1004,5000,57.50621509552002,33.669378684080634,148.50288883899339,14.198824522085488,724.3515625,11696,5000
1646,charged,e1004,5000,76.99837303161621,21.18708612611596,235.99281044300005,18.94316244601214,779.17578125,10674,5000
1647,ddbar,e1004,5000,42.43397235870361,72.26887463838145,69.1860780317802,5.461187907960266,559.12890625,11146,5000
1648,mixed,e1004,5000,76.84058380126953,17.384909062131623,287.60576095800025,19.33114957199905,664.48046875,10651,5000
1649,ssbar,e1004,5000,44.46818828582764,26.547813056961445,188.33943079499295,13.626907549973112,564.8515625,12584,5000
1650,taupair,e1004,5000,24.972668647766113,57.372617855032246,87.14958785101771,7.478347745956853,475.9296875,7290,5000
1651,uubar,e1004,5000,42.55472278594971,72.32606087463371,69.13137449399801,5.229668348009,538.12109375,11086,5000
1652,ccbar,e1004,5000,57.347371101379395,33.84740773150055,147.7218001349829,13.747683813096955,667.8671875,12065,5000
1653,charged,e1004,5000,76.83366394042969,44.18272221529076,113.16640870692208,8.709725805791095,660.0234375,10715,5000
1654,ddbar,e1004,5000,42.30856418609619,72.41856251395016,69.04307164391503,5.810035588918254,510.7421875,11023,5000
1655,mixed,e1004,5000,76.90009689331055,27.807785515093922,179.80575969582424,16.538327849004418,640.0546875,10595,5000
1656,ssbar,e1004,5000,44.386595726013184,39.222820788412214,127.47680813097395,9.590158084058203,548.0,12613,5000
1657,taupair,e1004,5000,24.89215660095215,103.96320061139053,48.09394065011293,3.6669877299573272,472.80859375,7275,5000
1658,uubar,e1004,5000,42.530921936035156,35.66547692089801,140.19159230898367,11.363362107018474,515.3671875,10997,5000
1659,ccbar,e1004,5000,57.526533126831055,34.1303089484465,146.49735540198162,13.940004993928596,757.30859375,11997,5000
1660,charged,e1004,5000,76.36522960662842,45.38665748611353,110.16453462187201,8.570720999967307,666.41015625,10462,5000
1661,ddbar,e1004,5000,42.333821296691895,40.27254138209989,124.1540719409968,8.875232564998441,561.30078125,11197,5000
1662,mixed,e1004,5000,76.70386409759521,23.94158457239401,208.84164892599802,15.291663490002975,601.16015625,10645,5000
1663,ssbar,e1004,5000,44.8093900680542,42.396599013699124,117.93398801598232,9.5646047310438,582.35546875,12617,5000
1664,taupair,e1004,5000,24.970434188842773,42.48811186984903,117.67997635000029,7.796949409999797,476.09765625,7324,5000
1665,uubar,e1004,5000,42.43870258331299,29.42569024415739,169.91954848001478,11.679992605000734,573.81640625,10982,5000
1666,ccbar,e1004,5000,57.344929695129395,22.38408959645759,223.37294436094817,15.902119718957692,594.2265625,11917,5000
1667,charged,e1004,5000,76.44682216644287,25.443270761728545,196.51561494683847,16.16188188898377,629.41015625,10595,5000
1668,ddbar,e1004,5000,42.32421016693115,39.313547350235694,127.18262118287385,9.647916011046618,540.2734375,11043,5000
1669,mixed,e1004,5000,77.14270877838135,28.999623441173433,172.41603188891895,13.606806732015684,579.41796875,10447,5000
1670,ssbar,e1004,5000,44.575825691223145,66.19049365677807,75.53954841199447,5.619461161986692,542.6015625,12559,5000
1671,taupair,e1004,5000,24.931836128234863,52.29527882008416,95.61092536100477,7.412827438005479,460.921875,7145,5000
1672,uubar,e1004,5000,42.715471267700195,73.36256658627202,68.15464933495969,5.2691530080046505,525.796875,11038,5000
1673,ccbar,e1004,5000,57.361135482788086,56.77879134261721,88.0610502930358,7.526704286923632,646.52734375,12001,5000
1674,charged,e1004,5000,76.26264381408691,43.66574626112771,114.50623035500757,8.774891745997593,662.25390625,10870,5000
1675,ddbar,e1004,5000,42.39064884185791,40.754760048957046,122.68505553691648,9.448343627853319,531.29296875,11227,5000
1676,mixed,e1004,5000,77.13636112213135,44.933397363587254,111.27580582303926,8.393245751038194,630.36328125,10517,5000
1677,ssbar,e1004,5000,44.4001522064209,34.48440492519501,144.993077620049,10.756091315997764,586.45703125,12311,5000
1678,taupair,e1004,5000,24.920933723449707,59.417120951259875,84.15082925511524,6.67447574599646,450.7734375,7272,5000
1679,uubar,e1004,5000,42.643324851989746,40.9780211933004,122.01662877800118,9.391768589994172,547.1796875,11156,5000
1680,ccbar,e1004,5000,57.42193794250488,31.486036723774866,158.80055161799828,12.089575965001131,663.34375,11959,5000
1681,charged,e1004,5000,76.41755962371826,17.56465605595406,284.662562367972,18.73292549699545,654.9453125,10651,5000
1682,ddbar,e1004,5000,42.59092712402344,28.462765583775486,175.66810172691476,11.859754245961085,569.11328125,11221,5000
1683,mixed,e1004,5000,77.17604637145996,17.62278866983498,283.7235407900298,19.25513418391347,820.10546875,10566,5000
1684,ssbar,e1004,5000,44.65550994873047,26.970869686106507,185.38519737002207,12.254236987966578,600.66015625,12570,5000
1685,taupair,e1004,5000,24.951030731201172,50.95185959543385,98.13184523000382,7.049055887851864,503.328125,7289,5000
1686,uubar,e1004,5000,42.67863368988037,28.632388743004643,174.62741390103474,11.842909957980737,527.17578125,11137,5000
1687,ccbar,e1004,5000,57.53072547912598,59.24677076523452,84.39278521714732,6.86919856001623,631.15234375,12075,5000
1688,charged,e1004,5000,76.6099910736084,16.800282096506983,297.6140502449998,19.63368232200446,678.5390625,10676,5000
1689,ddbar,e1004,5000,42.06419086456299,73.98739706555047,67.57907695509493,5.26269176392816,509.515625,11102,5000
1690,mixed,e1004,5000,76.97424221038818,28.6802334045083,174.3360986460466,13.089932556031272,716.828125,10706,5000
1691,ssbar,e1004,5000,44.73868370056152,69.582929265868,71.8567046939861,5.571249623084441,557.7734375,12536,5000
1692,taupair,e1004,5000,24.893940925598145,71.15308095419611,70.2710259759333,5.021385099971667,433.8828125,7290,5000
1693,uubar,e1004,5000,42.76266384124756,27.47066814192432,182.01231852709316,12.891296682879329,574.55859375,11185,5000
1694,ccbar,e1004,5000,57.25761890411377,30.91125303244809,161.75339106284082,12.393608479993418,721.22265625,12256,5000
1695,charged,e1004,5000,76.6877670288086,19.8047958932991,252.46410147007555,18.350820125080645,540.546875,10678,5000
1696,ddbar,e1004,5000,42.44468307495117,37.5818583221363,133.04291547113098,11.353967091068625,552.1953125,11070,5000
1697,mixed,e1004,5000,76.96251583099365,18.007901315720616,277.6558973940555,18.391326852026395,819.1953125,10701,5000
1698,ssbar,e1004,5000,44.42001247406006,37.800943426623625,132.27183098500245,10.161331524999696,544.8046875,12762,5000
1699,taupair,e1004,5000,24.910648345947266,109.3785304379639,45.71281018294394,3.352387744002044,483.3984375,7293,5000
1700,uubar,e1004,5000,42.377243995666504,36.1212156985289,138.42280508304248,9.768500345002394,546.984375,10992,5000
1701,ccbar,e1004,5000,57.510369300842285,22.987234536985245,217.51202790206298,15.406615764833987,609.7578125,12093,5000
1702,charged,e1004,5000,76.71907329559326,17.41072538205285,287.17930415202864,19.699495113978628,763.41015625,10427,5000
1703,ddbar,e1004,5000,42.33233165740967,29.158534179545665,171.476383868001,11.950566855000943,562.50390625,11334,5000
1704,mixed,e1004,5000,76.83821105957031,17.359949837941343,288.0192654170096,18.92458178999368,661.109375,10607,5000
1705,ssbar,e1004,5000,44.48421573638916,28.323232212342614,176.5335242289584,12.222951574949548,540.20703125,12676,5000
1706,taupair,e1004,5000,25.038363456726074,106.8748801667168,46.783678187057376,3.3452765869442374,494.83203125,7306,5000
1707,uubar,e1004,5000,42.135765075683594,74.15564898698334,67.42574663297273,5.16506536398083,523.24609375,11059,5000
1708,ccbar,e1004,5000,57.31520462036133,34.95064834133609,143.05886263307184,17.45473082899116,717.73828125,12040,5000
1709,charged,e1004,5000,76.80159950256348,39.64371470276682,126.12339780689217,10.590243804035708,733.4296875,10405,5000
1710,ddbar,e1004,5000,42.2315559387207,33.46588985899049,149.40585835510865,10.372806807048619,459.921875,10943,5000
1711,mixed,e1004,5000,76.97273063659668,17.80831631376104,280.7676993100322,19.172410073981155,745.53515625,10594,5000
1712,ssbar,e1004,5000,44.33252429962158,19.608641920730978,254.98961224406958,16.778876015916467,513.15625,12586,5000
1713,taupair,e1004,5000,24.95277976989746,52.70399133391161,94.8694752228912,7.5231485951226205,469.27734375,7351,5000
1714,uubar,e1004,5000,42.45890235900879,42.94669927771757,116.42338256700896,9.898634837940335,536.63671875,11014,5000
1715,ccbar,e1004,5000,57.53052806854248,58.94454686454367,84.82548880204558,7.062208737945184,656.69921875,11929,5000
1716,charged,e1004,5000,76.46671676635742,27.888904884601267,179.282765698008,14.216056062985444,638.96875,10495,5000
1717,ddbar,e1004,5000,42.548789978027344,42.803567874876634,116.81269221799448,8.45181672880426,566.0390625,10984,5000
1718,mixed,e1004,5000,77.40291023254395,24.93580607051687,200.51487350600655,14.951589636999415,632.23046875,10711,5000
1719,ssbar,e1004,5000,44.55503845214844,41.70297669295421,119.89551817400024,8.888647123998453,557.94140625,12505,5000
1720,taupair,e1004,5000,24.869030952453613,40.6220123393178,123.08597511700646,8.164887359002023,477.7734375,7189,5000
1721,uubar,e1004,5000,42.26854610443115,27.62939826840563,180.96666280704085,12.02326331695076,526.57421875,10965,5000
1722,ccbar,e1004,5000,57.414628982543945,22.85094537562346,218.8093279210152,15.603495076997206,633.859375,11998,5000
1723,charged,e1004,5000,76.74440002441406,17.069122530142113,292.92659837496467,19.83041634602705,684.34765625,10407,5000
1724,ddbar,e1004,5000,42.230353355407715,34.42467298416507,145.2446622310672,12.089431341039017,509.37890625,10964,5000
1725,mixed,e1004,5000,77.220290184021,43.99285312971282,113.65482446108945,8.740013998933136,709.48828125,10495,5000
1726,ssbar,e1004,5000,44.708855628967285,69.76368491631902,71.67052609100938,5.337398599134758,552.69921875,12605,5000
1727,taupair,e1004,5000,25.01718235015869,108.0048003585124,46.29423862090334,3.202933988068253,435.90234375,7300,5000
1728,uubar,e1004,5000,42.92757225036621,32.99922926849349,151.51869030995294,10.947584866080433,460.29296875,11126,5000
1729,ccbar,e1004,5000,57.486854553222656,29.795263644435895,167.81190660595894,13.43968985020183,602.2578125,12054,5000
1730,charged,e1004,5000,76.47784996032715,44.56888914563458,112.18587889103219,8.547181715955958,678.93359375,10512,5000
1731,ddbar,e1004,5000,42.26727867126465,34.662730869748415,144.2471459847875,11.673251604894176,509.8671875,11163,5000
1732,mixed,e1004,5000,77.21219730377197,39.78369264328981,125.67963574500754,10.540492600062862,644.70703125,10624,5000
1733,ssbar,e1004,5000,44.669867515563965,69.87886191715829,71.55239600106142,5.366665965877473,535.08984375,12616,5000
1734,taupair,e1004,5000,25.06779956817627,48.48738802837463,103.11959879286587,6.988771297968924,370.5703125,7212,5000
1735,uubar,e1004,5000,42.44605827331543,34.83007131980852,143.55411317106336,11.820817705942318,518.76953125,11083,5000
1736,ccbar,e1004,5000,57.5867805480957,59.04926315651573,84.67506168107502,6.712480542017147,627.94140625,12099,5000
1737,charged,e1004,5000,76.73839664459229,44.829002281673915,111.53493822109886,8.903032126137987,657.5859375,10659,5000
1738,ddbar,e1004,5000,42.46396350860596,28.260040031195178,176.92827025300357,11.889996093988884,520.2578125,11158,5000
1739,mixed,e1004,5000,77.15810489654541,12.15077051238397,411.4965380100002,27.014470739999524,614.3046875,10656,5000
1740,ssbar,e1004,5000,44.50350379943848,33.92958546520306,147.3640167259873,11.980051517006359,585.8515625,12565,5000
1741,taupair,e1004,5000,25.06954002380371,62.87271606554949,79.52575159608386,6.544158329954371,459.8515625,7359,5000
1742,uubar,e1004,5000,42.52668857574463,41.69918055536062,119.90643301399905,8.892504100000224,582.1796875,10910,5000
1743,ccbar,e1004,5000,57.400206565856934,32.88283199374667,152.05502983900078,12.053551945995423,634.671875,11895,5000
1744,charged,e1004,5000,76.28195571899414,21.727295122461868,230.12528581300285,17.25612885004375,666.9609375,10677,5000
1745,ddbar,e1004,5000,42.204057693481445,42.06801351262823,118.85514866298763,9.141770376998466,517.90625,10923,5000
1746,mixed,e1004,5000,76.8456039428711,14.671258251217123,340.8023984299507,23.042957549914718,633.62890625,10526,5000
1747,ssbar,e1004,5000,44.40285682678223,26.25212251541625,190.46079024900973,13.318105826008832,550.87890625,12506,5000
1748,taupair,e1004,5000,24.75639533996582,59.439810362584616,84.11870713415556,6.083432643907145,460.62109375,7169,5000
1749,uubar,e1004,5000,42.42599964141846,28.065114710958138,178.15711966599338,12.295482210000046,555.79296875,11106,5000
1750,ccbar,e1004,5000,57.5509090423584,22.547761156750504,221.75150629103882,16.810649646969978,643.359375,11991,5000
1751,charged,e1004,5000,76.6169376373291,43.73572773065117,114.32300911494531,8.706180163891986,617.875,10605,5000
1752,ddbar,e1004,5000,42.58201885223389,73.09957147534324,68.39985377597623,5.233675655908883,544.28125,11283,5000
1753,mixed,e1004,5000,77.04512882232666,24.64615261167832,202.87142089799454,15.329147789001581,604.546875,10569,5000
1754,ssbar,e1004,5000,44.59316349029541,39.41133653970708,126.86704991500301,9.312427030992694,553.4375,12725,5000
1755,taupair,e1004,5000,25.222732543945312,47.13454023390177,106.07932049804367,6.675240152981132,388.35546875,7344,5000
1756,uubar,e1004,5000,42.279714584350586,72.43690869077352,69.02558502799366,5.260143358987989,564.0234375,11166,5000
1757,ccbar,e1004,5000,57.5025577545166,58.015170655040066,86.18435391201638,6.955068697221577,627.2421875,12219,5000
1758,charged,e1004,5000,76.74289894104004,42.403232115787404,117.91553970100358,10.098487199982628,647.46484375,10644,5000
1759,ddbar,e1004,5000,42.32780933380127,41.51283517696439,120.44467641599476,9.18483295099577,531.93359375,11073,5000
1760,mixed,e1004,5000,77.13550186157227,42.85323385493954,116.6773088100017,8.831969714985462,659.265625,10408,5000
1761,ssbar,e1004,5000,44.556528091430664,68.06038531448748,73.46417415793985,5.817288443213329,562.3515625,12450,5000
1762,taupair,e1004,5000,25.050518035888672,47.95500925873161,104.26439442485571,7.123630594927818,349.796875,7344,5000
1763,uubar,e1004,5000,42.325947761535645,27.28465456058959,183.25319050299004,12.545135581982322,542.74609375,11076,5000
1764,ccbar,e1004,5000,57.51637268066406,58.91203883251149,84.87229603808373,6.840079725952819,634.40625,12122,5000
1765,charged,e1004,5000,76.76795196533203,24.81124212226306,201.52155121300893,14.65114130899019,674.33203125,10567,5000
1766,ddbar,e1004,5000,42.327589988708496,20.660049579033505,242.01297198599968,16.34790919200168,515.87109375,11247,5000
1767,mixed,e1004,5000,77.17245769500732,43.612603195673366,114.64575910699205,8.814369911007816,680.5390625,10393,5000
1768,ssbar,e1004,5000,44.53498554229736,37.28390312450808,134.1061310910154,10.32618459686637,576.33203125,12413,5000
1769,taupair,e1004,5000,24.716211318969727,30.152649160532093,165.8229090711102,10.548262672033161,473.80859375,7092,5000
1770,uubar,e1004,5000,42.301156997680664,40.866042082741274,122.35097271902487,9.31575343204895,552.203125,11189,5000
1771,ccbar,e1004,5000,57.53713321685791,37.0533086761404,134.940715920995,10.466562476940453,715.86328125,11968,5000
1772,charged,e1004,5000,76.66071319580078,23.023503682537235,217.16937912418507,19.607986774062738,632.1328125,10604,5000
1773,ddbar,e1004,5000,42.19692611694336,72.39116242689254,69.06920447712764,5.369539882987738,517.91796875,11085,5000
1774,mixed,e1004,5000,77.0950345993042,23.447484146810464,213.24249410699122,16.73092092992738,620.23046875,10617,5000
1775,ssbar,e1004,5000,44.65007972717285,40.71952712407895,122.79120984789915,9.903179913992062,535.77734375,12671,5000
1776,taupair,e1004,5000,24.98296070098877,52.55884136431391,95.13147303499863,7.378552480004146,450.12109375,7406,5000
1777,uubar,e1004,5000,42.74921798706055,35.37653111911209,141.33663877798244,10.421890394994989,566.85546875,11268,5000
1778,ccbar,e1004,5000,57.49865245819092,48.27772949145186,103.56742234295234,8.316007748013362,667.7578125,12008,5000
1779,charged,e1004,5000,76.52887630462646,28.56253986220353,175.05446028686129,13.384337570052594,586.15625,10578,5000
1780,ddbar,e1004,5000,42.19610404968262,34.15436509493331,146.39417205099016,12.2115549959708,542.4375,10943,5000
1781,mixed,e1004,5000,76.87593746185303,44.01031878504148,113.60972012998536,8.740545365959406,645.015625,10550,5000
1782,ssbar,e1004,5000,44.260857582092285,44.218061795580326,113.07596481987275,9.35115329013206,551.51953125,12490,5000
1783,taupair,e1004,5000,25.01033878326416,44.04746488103115,113.51391081199836,7.571525942001244,467.45703125,7120,5000
1784,uubar,e1004,5000,42.54557704925537,72.83814466779798,68.64535090513527,5.340554436901584,533.6953125,11085,5000
1785,ccbar,e1004,5000,57.458367347717285,22.075026720600164,226.50029208499473,16.6886414430046,614.359375,11985,5000
1786,charged,e1004,5000,76.82324504852295,17.10953999980869,292.2346246629604,19.848525398003403,655.6328125,10721,5000
1787,ddbar,e1004,5000,42.84189987182617,44.281892698312475,112.9129695079755,10.818837109021842,554.328125,11322,5000
1788,mixed,e1004,5000,77.05312252044678,41.4051117204073,120.75803668308072,9.770739613100886,658.62109375,10495,5000
1789,ssbar,e1004,5000,44.56570911407471,43.14096838367879,115.89911370398477,8.780312357004732,564.78125,12565,5000
1790,taupair,e1004,5000,24.955097198486328,58.19967896387989,85.91112681400045,5.804722644001231,493.94140625,7218,5000
1791,uubar,e1004,5000,42.3564567565918,42.012800489362064,119.01134753599763,9.021785849006847,540.70703125,11011,5000
1792,ccbar,e1004,5000,57.611942291259766,24.702963745802897,202.4048632970007,14.590056520999497,615.5625,12016,5000
1793,charged,e1004,5000,76.66023254394531,17.534184195106143,285.15726448200076,19.48217000600016,635.50390625,10496,5000
1794,ddbar,e1004,5000,42.54971694946289,28.332400452506093,176.47639875701861,12.270494620024692,538.62890625,11186,5000
1795,mixed,e1004,5000,77.1228723526001,12.649725683282929,395.2654883740033,24.929396983992774,634.24609375,10519,5000
1796,ssbar,e1004,5000,44.74912452697754,19.104770594836953,261.71473638899624,16.370910616999026,531.40625,12487,5000
1797,taupair,e1004,5000,25.059906005859375,34.67511198366295,144.19564102217555,9.619533685967326,475.19921875,7359,5000
1798,uubar,e1004,5000,42.36212730407715,29.76588361594524,167.977543166955,11.909005765977781,530.765625,11135,5000
1799,ccbar,e1004,5000,57.54111385345459,16.190300573373026,308.8268792380004,21.220952514999226,705.6875,11988,5000
1800,charged,e1004,5000,76.60922336578369,23.377587709135653,213.8800659080007,18.252829384000506,687.41015625,10613,5000
1801,ddbar,e1004,5000,42.47479820251465,68.42055188967024,73.07745789689943,5.864196020178497,532.98046875,11275,5000
1802,mixed,e1004,5000,77.14748287200928,21.80282161450822,229.32811580097768,16.166220072016586,751.3828125,10472,5000
1803,ssbar,e1004,5000,44.67054271697998,44.14022944748625,113.27535136509687,9.49097428494133,576.34375,12564,5000
1804,taupair,e1004,5000,25.013830184936523,65.392982398354,76.46080384499874,5.566364869999234,490.9140625,7354,5000
1805,uubar,e1004,5000,42.618279457092285,28.082346197371045,178.04780145001132,12.168417894979939,522.94921875,11095,5000
1806,ccbar,e1004,5000,57.369736671447754,28.99150397996817,172.46431932109408,19.023585769115016,586.48046875,11903,5000
1807,charged,e1004,5000,76.63157653808594,21.812998460066385,229.22112286183983,18.792126088170335,679.37890625,10589,5000
1808,ddbar,e1004,5000,42.824679374694824,69.8441219376924,71.58798566414043,6.104704894125462,526.8203125,11182,5000
1809,mixed,e1004,5000,77.13364791870117,21.48164849053506,232.7568111080036,25.0603297130001,641.859375,10657,5000
1810,ssbar,e1004,5000,44.52182960510254,27.05934762994908,184.779029723024,12.552899046917446,552.69140625,12596,5000
1811,taupair,e1004,5000,24.88474178314209,42.37955648589012,117.98141402599867,7.785104759968817,462.5078125,7270,5000
1812,uubar,e1004,5000,42.44257736206055,71.83432501719672,69.60460752993822,5.760892371181399,542.125,11022,5000
1813,ccbar,e1004,5000,57.42578315734863,35.93419896188866,139.14321577901137,10.780344130005687,634.99609375,11974,5000
1814,charged,e1004,5000,76.4944953918457,17.671624794794678,282.9394613149998,19.341240071000357,696.76953125,10626,5000
1815,ddbar,e1004,5000,42.51881408691406,73.56787590763598,67.96444695885293,5.196315750014037,506.37109375,11287,5000
1816,mixed,e1004,5000,77.09936141967773,27.776206518823038,180.01018233399373,14.448358639026992,660.71875,10546,5000
1817,ssbar,e1004,5000,44.39724922180176,64.42219744419559,77.6129998411052,6.435674116015434,557.79296875,12491,5000
1818,taupair,e1004,5000,24.741328239440918,60.40844293881936,82.7698870680033,6.116440103010973,454.16796875,7281,5000
1819,uubar,e1004,5000,42.84028148651123,28.9144838853794,172.92371601100058,12.065659834999678,565.08984375,11076,5000
1820,ccbar,e1004,5000,57.56983661651611,23.450003800677003,213.21958164696116,15.19778101099655,613.51953125,12066,5000
1821,charged,e1004,5000,76.47094058990479,25.108164344610618,199.13841296300234,14.812223711996921,643.921875,10594,5000
1822,ddbar,e1004,5000,42.255188941955566,28.371927635803324,176.23053548502503,11.734889170038514,599.12890625,11161,5000
1823,mixed,e1004,5000,77.23891735076904,16.75820573214973,298.3612971410039,19.267684410966467,691.2734375,10581,5000
1824,ssbar,e1004,5000,44.64959907531738,36.99169759679043,135.1654648159165,11.115435461048037,558.56640625,12535,5000
1825,taupair,e1004,5000,24.829514503479004,59.61928252412196,83.86548425799992,5.616338811989408,497.82421875,7257,5000
1826,uubar,e1004,5000,42.65976428985596,40.8157479978715,122.50173634599923,9.350818309001625,516.171875,10991,5000
1827,ccbar,e1004,5000,57.73581504821777,22.353973606238565,223.67387955600861,16.078344720997848,622.01171875,12109,5000
1828,charged,e1004,5000,76.82044219970703,25.882474293818365,193.18091242900118,17.079942429903895,635.66796875,10494,5000
1829,ddbar,e1004,5000,42.42828178405762,42.111286424738466,118.7330149349873,8.926699022995308,553.359375,11309,5000
1830,mixed,e1004,5000,76.89416217803955,43.93309544195162,113.80941747222096,8.753417996922508,643.5625,10586,5000
1831,ssbar,e1004,5000,44.63150882720947,71.29212258050502,70.13397580292076,5.247232318855822,556.39453125,12489,5000
1832,taupair,e1004,5000,25.024943351745605,58.11259356299212,86.03987007704563,5.834354472113773,465.46875,7486,5000
1833,uubar,e1004,5000,42.46894645690918,43.301934202531946,115.46828316291794,12.381765116006136,524.47265625,11133,5000
1834,ccbar,e1004,5000,57.62911796569824,30.506315656331186,163.90048724098597,12.167163047008216,727.73828125,11923,5000
1835,charged,e1004,5000,76.6629581451416,44.68852227051062,111.88555239606649,8.576054977951571,703.88671875,10513,5000
1836,ddbar,e1004,5000,42.11496925354004,74.4315619178677,67.17580380104482,5.130850114859641,517.09375,11042,5000
1837,mixed,e1004,5000,77.34136009216309,23.23556391896428,215.18737472599605,17.507092981017195,635.390625,10732,5000
1838,ssbar,e1004,5000,44.33486557006836,38.23266561425007,130.77822117996402,12.040435922099277,570.75390625,12591,5000
1839,taupair,e1004,5000,25.04291820526123,58.8897580330212,84.90440726885572,6.247810248984024,468.05859375,7251,5000
1840,uubar,e1004,5000,42.348402976989746,41.10932723812481,121.626899195835,9.96909629390575,533.83984375,11109,5000
1841,ccbar,e1004,5000,57.53693103790283,31.54816083239515,158.48784423799952,12.267267187999096,727.42578125,12014,5000
1842,charged,e1004,5000,76.67253112792969,24.527629629960916,203.85174089111388,17.587538704974577,702.7421875,10560,5000
1843,ddbar,e1004,5000,42.38464546203613,39.76799549122716,125.72924378607422,11.470441441982985,528.08984375,11109,5000
1844,mixed,e1004,5000,77.0152587890625,25.76438014061695,194.066380511038,21.88162856316194,742.359375,10775,5000
1845,ssbar,e1004,5000,44.342040061950684,39.183171899615296,127.60580008197576,11.886921084020287,570.46875,12533,5000
1846,taupair,e1004,5000,24.9032564163208,59.36361526030767,84.22667619003914,6.021028948947787,476.19140625,7211,5000
1847,uubar,e1004,5000,42.52385711669922,41.7816329085192,119.66980828507803,10.351246231934056,549.40234375,10918,5000
1848,ccbar,e1004,5000,57.69018840789795,32.06481549750256,155.93415781199292,12.517945798987057,627.0,12250,5000
1849,charged,e1004,5000,76.7047290802002,19.556279327087417,255.67235548095778,19.204295875970274,518.10546875,10641,5000
1850,ddbar,e1004,5000,42.28099346160889,29.3010377962556,170.6424200660549,12.056589031999465,532.6875,10936,5000
1851,mixed,e1004,5000,77.04662799835205,44.58227106052337,112.15220492496155,8.569279761984944,670.00390625,10491,5000
1852,ssbar,e1004,5000,44.50824165344238,27.524583114247527,181.65579399499984,12.58818568699644,530.0078125,12639,5000
1853,taupair,e1004,5000,25.07167911529541,107.93348034593981,46.32482881098986,3.316252574091777,495.18359375,7276,5000
1854,uubar,e1004,5000,42.73132514953613,72.67686196039622,68.79768698220141,5.338355925166979,530.32421875,11039,5000
1855,ccbar,e1004,5000,57.43947887420654,37.905186671554155,131.9080695558805,10.205068618059158,654.9921875,12019,5000
1856,charged,e1004,5000,76.5989990234375,20.036453490357147,249.54516039509326,18.96280883392319,551.93359375,10902,5000
1857,ddbar,e1004,5000,42.480374336242676,47.6630724783696,104.90301485010423,8.00986012793146,473.62109375,11241,5000
1858,mixed,e1004,5000,77.13051795959473,26.671792791524314,187.46396386181004,16.23649127408862,604.71875,10785,5000
1859,ssbar,e1004,5000,44.43659973144531,36.295492648169265,137.75815218896605,13.884423817042261,536.43359375,12516,5000
1860,taupair,e1004,5000,24.945181846618652,59.08434141698659,84.62479025893845,8.801089204847813,478.26171875,7352,5000
1861,uubar,e1004,5000,42.47441005706787,56.0273116615763,89.24219013401307,6.922573224175721,526.01953125,10984,5000
1862,ccbar,e1004,5000,57.29609489440918,33.067305206276956,151.20675751499948,11.595849151010043,641.79296875,11977,5000
1863,charged,e1004,5000,76.53897953033447,24.815331891199893,201.48833881899918,14.925191063004604,629.17578125,10522,5000
1864,ddbar,e1004,5000,42.339805603027344,28.671573869982904,174.38875252099933,12.228261307000139,540.98828125,11046,5000
1865,mixed,e1004,5000,76.72739028930664,14.334225525175327,348.81549695297144,24.776441250927746,636.59765625,10415,5000
1866,ssbar,e1004,5000,44.60203742980957,27.24154999845693,183.54315375899023,12.707044962997315,555.578125,12474,5000
1867,taupair,e1004,5000,24.94810390472412,49.03796456817081,101.96181762497872,6.837657890981063,384.81640625,7204,5000
1868,uubar,e1004,5000,42.519585609436035,47.23589215875819,105.85171088110656,7.694326281081885,467.53125,11276,5000
1869,ccbar,e1004,5000,57.26447582244873,44.599666189800985,112.10846239794046,8.325601794058457,638.12890625,11837,5000
1870,charged,e1004,5000,76.24597454071045,28.48161559217951,175.55183917912655,12.581834129989147,588.35546875,10699,5000
1871,ddbar,e1004,5000,42.57100582122803,32.96789723287054,151.6626906679012,11.102669359184802,434.57421875,11374,5000
1872,mixed,e1004,5000,76.91788005828857,34.20824901774814,146.1635758499615,11.018088578945026,609.20703125,10805,5000
1873,ssbar,e1004,5000,44.56901741027832,53.78181908744894,92.96822020597756,7.092051012907177,530.78125,12504,5000
1874,taupair,e1004,5000,24.930130004882812,57.33560967959234,87.2058399298694,6.777969873975962,500.546875,7297,5000
1875,uubar,e1004,5000,42.5133752822876,36.71790729444845,136.17333798203617,10.532966773025692,587.9921875,11002,5000
1876,ccbar,e1004,5000,57.51390838623047,50.92097646738941,98.19136133813299,7.935784451197833,650.875,11775,5000
1877,charged,e1004,5000,76.52875804901123,24.553418432187424,203.6376325279998,14.957178816010128,631.46484375,10422,5000
1878,ddbar,e1004,5000,42.32566452026367,45.44163922262159,110.03124195200508,8.34764107799856,550.3671875,11131,5000
1879,mixed,e1004,5000,76.96581554412842,22.714973303233617,220.11912289098836,19.29262682888657,710.06640625,10843,5000
1880,ssbar,e1004,5000,45.03975963592529,42.49877083926586,117.6504614430014,10.70832810900174,539.87890625,12700,5000
1881,taupair,e1004,5000,25.02112102508545,64.7750756289562,77.19018390099518,5.640614728908986,482.32421875,7234,5000
1882,uubar,e1004,5000,42.527679443359375,40.98318257124037,122.00126213498879,8.9141679960303,548.89453125,11208,5000
1883,ccbar,e1004,5000,57.42671489715576,32.774760161269114,152.55641766400004,11.783306006998828,641.24609375,12053,5000
1884,charged,e1004,5000,76.6399507522583,27.907295339165564,179.1646212659998,13.652540486000362,665.70703125,10586,5000
1885,ddbar,e1004,5000,42.21434497833252,29.062681896988565,172.0419339729997,12.033705026000462,544.8125,11075,5000
1886,mixed,e1004,5000,77.0774507522583,28.16979727928609,177.49506503110752,15.153618718031794,711.19140625,10527,5000
1887,ssbar,e1004,5000,44.87824535369873,43.99846801618536,113.64032034389675,9.618515212088823,553.66796875,12657,5000
1888,taupair,e1004,5000,25.05503749847412,42.215562278664414,118.43973478299449,7.908350892001181,513.453125,7293,5000
1889,uubar,e1004,5000,42.442291259765625,58.52234032685318,85.43745810701512,6.396194739965722,515.08984375,11108,5000
1890,ccbar,e1004,5000,57.43932056427002,16.1903814541694,308.8253364600241,20.437858728226274,697.97265625,11838,5000
1891,charged,e1004,5000,76.70953178405762,35.11236797205303,142.39996584621258,10.930926430039108,644.1015625,10730,5000
1892,ddbar,e1004,5000,42.587215423583984,28.43603505046734,175.8332338220207,13.078137381991837,519.2734375,11169,5000
1893,mixed,e1004,5000,76.81904029846191,38.11943735235722,131.16667892504483,10.272261671023443,602.43359375,10741,5000
1894,ssbar,e1004,5000,44.634976387023926,59.92288963276862,83.44056888180785,6.36525740288198,515.31640625,12564,5000
1895,taupair,e1004,5000,24.903882026672363,66.51774466544259,75.1679123390004,5.6582293109986495,473.6484375,7139,5000
1896,uubar,e1004,5000,42.22405529022217,37.75446562461255,132.43466480798088,14.258770080981776,497.5,10911,5000
1897,ccbar,e1004,5000,57.667269706726074,34.862709722881576,143.41971808113158,13.539352010004222,739.296875,11857,5000
1898,charged,e1004,5000,76.3837661743164,20.65352987506377,242.08936827001162,20.023450241889805,707.94921875,10419,5000
1899,ddbar,e1004,5000,42.425432205200195,40.943745723387906,122.11877324999841,8.84306321800068,532.92578125,11153,5000
1900,mixed,e1004,5000,76.54497337341309,24.93283967946031,200.5387298149999,15.195550006999838,620.70703125,10715,5000
1901,ssbar,e1004,5000,44.270259857177734,32.6856797402878,152.97218964784406,12.01986437686719,546.9765625,12552,5000
1902,taupair,e1004,5000,24.918720245361328,65.3730816548126,76.48407989088446,6.766415300080553,489.890625,7175,5000
1903,uubar,e1004,5000,42.75105094909668,39.44474601408263,126.75959424900066,15.146279249995132,534.94140625,11194,5000
1904,ccbar,e1004,5000,57.6810359954834,32.31310824304821,154.73596542900486,12.229435668996302,660.80859375,12036,5000
1905,charged,e1004,5000,76.65867805480957,20.523438862920994,243.62388941715471,20.301400577882305,685.2734375,10562,5000
1906,ddbar,e1004,5000,42.58940029144287,32.551879687217046,153.60096092894673,10.918159375200048,456.42578125,11184,5000
1907,mixed,e1004,5000,76.80576705932617,25.02957774987875,199.76365762000205,14.834666978000314,637.80859375,10706,5000
1908,ssbar,e1004,5000,44.376769065856934,31.982073276253125,156.33758189505897,11.333383177872747,438.38671875,12235,5000
1909,taupair,e1004,5000,24.899643898010254,41.83580743845109,119.51484400907066,8.134168894961476,467.234375,7362,5000
1910,uubar,e1004,5000,42.636916160583496,23.660831721815388,211.3197058660444,14.799589126138017,540.67578125,11111,5000
1911,ccbar,e1004,5000,57.470767974853516,34.30267937992221,145.7612084648572,12.36914649209939,606.7890625,11957,5000
1912,charged,e1004,5000,76.92264747619629,27.386520376470227,182.5715691978112,17.140262991189957,811.4609375,10393,5000
1913,ddbar,e1004,5000,42.40100955963135,45.11170527684459,110.83597858506255,9.935655276989564,553.453125,11084,5000
1914,mixed,e1004,5000,77.0538969039917,16.855029599137715,296.647358023969,19.977844170003664,720.328125,10405,5000
1915,ssbar,e1004,5000,44.46471405029297,41.85794370268733,119.451639466919,9.590041498886421,542.15625,12518,5000
1916,taupair,e1004,5000,25.008091926574707,51.30850857344364,97.44972401298583,7.317063815193251,464.0,7174,5000
1917,uubar,e1004,5000,42.72903537750244,55.167033588095734,90.63383826892823,7.213654074119404,509.12109375,11159,5000
1918,ccbar,e1004,5000,57.38208484649658,56.68112688364982,88.21278395300033,6.765197591012111,683.03125,11952,5000
1919,charged,e1004,5000,76.38596630096436,26.28289819584125,190.23777221003547,15.087676937924698,714.76171875,10592,5000
1920,ddbar,e1004,5000,42.64268684387207,43.88439726437386,113.9357109060511,10.581017669988796,553.01171875,11258,5000
1921,mixed,e1004,5000,77.05455303192139,35.00539944366953,142.83510771091096,10.735148180043325,616.16796875,10585,5000
1922,ssbar,e1004,5000,44.39360332489014,70.84986118732938,70.57176847220398,5.551154660061002,545.421875,12536,5000
1923,taupair,e1004,5000,24.849863052368164,48.816302048704856,102.42480053100735,7.0216464509721845,355.6796875,7171,5000
1924,uubar,e1004,5000,43.085065841674805,27.19258808507903,183.87363440199988,12.593086905006203,524.375,11247,5000
1925,ccbar,e1004,5000,57.09837341308594,31.521778290466127,158.6204925980419,15.250916840042919,620.0703125,11940,5000
1926,charged,e1004,5000,76.69730854034424,21.509407403702898,232.4564273741562,20.543418905930594,590.92578125,10431,5000
1927,ddbar,e1004,5000,42.1002254486084,39.73301440705707,125.83993624988943,10.870676655089483,523.453125,10932,5000
1928,mixed,e1004,5000,77.17284488677979,25.380388071816476,197.00250389599933,15.101417586000025,659.984375,10640,5000
1929,ssbar,e1004,5000,44.46393299102783,25.48513180934858,196.19282479700087,14.012169764000646,539.1484375,12482,5000
1930,taupair,e1004,5000,24.86890983581543,29.42381063741443,169.93040302000009,10.50804481600062,464.5859375,7304,5000
1931,uubar,e1004,5000,42.598910331726074,19.80103429375439,252.51206203794573,16.596636927919462,519.23046875,11145,5000
1932,ccbar,e1004,5000,57.538825035095215,35.75655418316053,139.8345034699887,18.810569531982765,608.0078125,12035,5000
1933,charged,e1004,5000,76.73154163360596,23.248750760591857,215.06531905685551,20.020515971817076,716.55078125,10631,5000
1934,ddbar,e1004,5000,42.16798973083496,67.87705083538232,73.66259933900437,5.196214273018995,551.203125,11020,5000
1935,mixed,e1004,5000,77.15195846557617,21.75743985320225,229.80644936789759,18.558253507129848,719.7578125,10592,5000
1936,ssbar,e1004,5000,44.31999969482422,52.35920703850655,95.49418875505216,7.081037889933214,505.61328125,12716,5000
1937,taupair,e1004,5000,24.942527770996094,62.458948941685,80.05257989000529,7.2008242891170084,467.9375,7273,5000
1938,uubar,e1004,5000,42.7450532913208,58.647355225371165,85.25533642200753,6.677330255974084,503.6484375,11150,5000
1939,ccbar,e1004,5000,57.39986801147461,59.1249821971733,84.56662165792659,6.764562192838639,685.83203125,11989,5000
1940,charged,e1004,5000,76.55724906921387,19.779957239925434,252.78113290900365,20.32692282111384,800.93359375,10612,5000
1941,ddbar,e1004,5000,42.62234878540039,35.943459406858814,139.10736702894792,11.890552472090349,543.8359375,11368,5000
1942,mixed,e1004,5000,77.0399055480957,22.709610899575832,220.17109945698758,23.89758501999313,619.94921875,10597,5000
1943,ssbar,e1004,5000,44.392059326171875,60.849054016968076,82.17054612888023,6.356531457044184,550.3203125,12390,5000
1944,taupair,e1004,5000,24.894299507141113,42.36533734056574,118.0210123149991,8.02520265000021,462.32421875,7237,5000
1945,uubar,e1004,5000,42.46010971069336,29.61174625430463,168.85191292199306,11.939084533019923,545.40625,11170,5000
1946,ccbar,e1004,5000,57.52248573303223,15.877706241446003,314.90694713499397,21.33184536593035,598.17578125,11895,5000
1947,charged,e1004,5000,76.70606517791748,24.74397893038648,202.06936055299593,18.704035337024834,739.0625,10582,5000
1948,ddbar,e1004,5000,42.381625175476074,71.96546895038584,69.47776583582163,5.388713374035433,544.87109375,11001,5000
1949,mixed,e1004,5000,77.55222606658936,19.437749757622846,257.23142145294696,18.64236734691076,607.19140625,10463,5000
1950,ssbar,e1004,5000,44.44145584106445,37.91033838396148,131.89014430204406,12.416323204990476,559.19921875,12514,5000
1951,taupair,e1004,5000,24.99308681488037,53.825190704129966,92.893307661172,7.011574395932257,451.484375,7349,5000
1952,uubar,e1004,5000,42.992552757263184,42.28859688131296,118.23518321104348,9.678186118137091,537.6328125,11403,5000
1953,ccbar,e1004,5000,57.660746574401855,38.60003350399567,129.5335663240403,13.249414807884023,663.4921875,11805,5000
1954,charged,e1004,5000,76.6441535949707,23.490733160699314,212.8498913079966,20.090947184944525,698.55078125,10501,5000
1955,ddbar,e1004,5000,42.44966220855713,70.41482959148568,71.00776965601835,5.381125168991275,534.01171875,10983,5000
1956,mixed,e1004,5000,76.95278739929199,35.65644466259366,140.22710472997278,10.856170106912032,635.4609375,10574,5000
1957,ssbar,e1004,5000,44.65194225311279,70.27491725223976,71.14914105203934,5.555833230027929,527.73046875,12563,5000
1958,taupair,e1004,5000,25.051776885986328,56.07637219391918,89.16411323309876,6.7449775689747185,465.80859375,7343,5000
1959,uubar,e1004,5000,42.665242195129395,44.269832046160225,112.94373095399351,8.488091645005625,527.40234375,11305,5000
1960,ccbar,e1004,5000,57.531317710876465,32.52928454362749,153.70765358500648,12.051581253996119,646.0,11915,5000
1961,charged,e1004,5000,76.77009201049805,37.055473095318014,134.93283400102518,10.212664937134832,623.82421875,10623,5000
1962,ddbar,e1004,5000,42.268752098083496,29.447707551030113,169.79250392701942,12.10317933303304,533.51171875,10976,5000
1963,mixed,e1004,5000,77.02599906921387,16.880983074928974,296.19128091099265,19.216120470009628,710.234375,10812,5000
1964,ssbar,e1004,5000,44.42119026184082,27.036239644838364,184.93696111894678,12.895600287942216,537.203125,12634,5000
1965,taupair,e1004,5000,25.178919792175293,40.13248010459061,124.58736631699139,8.4822811060003,447.25390625,7405,5000
1966,uubar,e1004,5000,42.37075233459473,40.87854894927107,122.31353921600385,9.209948453004472,538.421875,11099,5000
1967,ccbar,e1004,5000,57.339327812194824,16.204832236166197,308.54993912500504,20.745111167998402,646.03515625,12053,5000
1968,charged,e1004,5000,76.45812892913818,14.243285095846666,351.0426117538009,23.98026482015848,602.30078125,10550,5000
1969,ddbar,e1004,5000,42.42772388458252,41.21008337120908,121.32952886703424,12.679455924080685,550.58984375,11069,5000
1970,mixed,e1004,5000,76.80982398986816,21.76039984213956,229.77518962300383,19.678169948980212,620.9453125,10704,5000
1971,ssbar,e1004,5000,44.416873931884766,53.92893680478927,92.71460362919606,7.034221617970616,527.7265625,12483,5000
1972,taupair,e1004,5000,24.967177391052246,82.14072004293415,60.871148894075304,4.593647334957495,457.2734375,7137,5000
1973,uubar,e1004,5000,42.240790367126465,62.53457235725214,79.95577184786089,6.0005641400348395,552.5859375,10932,5000
1974,ccbar,e1004,5000,57.57332897186279,22.323108546689955,223.9831423810101,16.928725851001218,632.40234375,11900,5000
1975,charged,e1004,5000,76.55578804016113,17.753673978023667,281.6318473680003,17.999334359001296,756.5234375,10725,5000
1976,ddbar,e1004,5000,42.5036039352417,28.16953922534322,177.49669101799373,12.237192805972882,530.53125,11062,5000
1977,mixed,e1004,5000,77.40417861938477,19.001799794018915,263.1329692029394,20.15777551010251,545.95703125,10497,5000
1978,ssbar,e1004,5000,44.319382667541504,43.29152152420439,115.49605613201857,8.486698396038264,490.7578125,12473,5000
1979,taupair,e1004,5000,24.985883712768555,69.86724359653824,71.56429454800673,4.795022079022601,413.4375,7160,5000
1980,uubar,e1004,5000,42.379530906677246,27.26884705243044,183.35942074802006,14.017569628951605,532.21875,11039,5000
1981,ccbar,e1004,5000,57.3486270904541,36.55029035583851,136.79781887700665,11.306354298023507,612.875,11890,5000
1982,charged,e1004,5000,76.66227054595947,17.13873047361424,291.7368942640005,19.39543901700017,644.66015625,10571,5000
1983,ddbar,e1004,5000,42.2447624206543,36.533452632256136,136.860866951989,9.586973046010826,549.8359375,10992,5000
1984,mixed,e1004,5000,76.73472499847412,30.667968287423694,163.03655831189826,16.572745769051835,761.3984375,10694,5000
1985,ssbar,e1004,5000,44.51588153839111,28.15578277995326,177.58341293781996,12.130786665016785,585.6328125,12557,5000
1986,taupair,e1004,5000,25.053933143615723,53.268312157631,93.86443454795517,7.575329856015742,452.1875,7400,5000
1987,uubar,e1004,5000,42.2470006942749,43.949929720982134,113.76582469511777,9.748496389016509,543.86328125,10958,5000
1988,ccbar,e1004,5000,57.69892120361328,55.90480755724078,89.43774638487957,7.432270013028756,624.87890625,12019,5000
1989,charged,e1004,5000,76.66658020019531,34.423102923716854,145.25128693599254,11.53807771904394,640.42578125,10608,5000
1990,ddbar,e1004,5000,42.08095169067383,54.52096561041004,91.70784016791731,7.083319642813876,502.8125,11101,5000
1991,mixed,e1004,5000,76.79579162597656,40.74939742071202,122.70120091293938,9.457369008101523,655.3125,10607,5000
1992,ssbar,e1004,5000,44.67689609527588,56.38037726752169,88.6833370460663,6.926915020914748,539.74609375,12522,5000
1993,taupair,e1004,5000,25.041958808898926,79.52609822035824,62.872442027088255,4.673538536066189,438.6328125,7441,5000
1994,uubar,e1004,5000,42.333693504333496,71.90989263756033,69.53146245400421,5.854533554054797,545.0859375,11066,5000
1995,ccbar,e1004,5000,57.46075439453125,46.05548521060324,108.56470140605234,8.306351051898673,635.23828125,11822,5000
1996,charged,e1004,5000,76.8388090133667,29.453671879321135,169.75812117708847,17.205940023995936,595.15625,10504,5000
1997,ddbar,e1004,5000,42.45619773864746,60.401937660832445,82.77880137017928,5.798856128938496,523.7421875,11110,5000
1998,mixed,e1004,5000,76.86386299133301,34.427001583922284,145.234838061966,10.962204550858587,640.5625,10592,5000
1999,ssbar,e1004,5000,44.44010925292969,51.58222368931682,96.93261830112897,7.995466453023255,522.51953125,12541,5000
